=== 2026-08-23T02:11:06Z ===
Board: unbundled (14 other boards — `hermes kanban boards list`)

● t_0d668f8d  running   builder               [email_verify_arbitrage] Build: Email Verify Price Arbitrage
● t_08478fcc  running   builder               [tool_price_oracle] Build: Tool Price Oracle
quota probe: "content" (OK)
=== 2026-08-23T02:13:09Z ===
Board: unbundled (14 other boards — `hermes kanban boards list`)

● t_0d668f8d  running   builder               [email_verify_arbitrage] Build: Email Verify Price Arbitrage
● t_08478fcc  running   builder               [tool_price_oracle] Build: Tool Price Oracle
quota probe: no-response (LIMITED)
=== 2026-08-23T02:15:22Z ===
Board: unbundled (14 other boards — `hermes kanban boards list`)

● t_0d668f8d  running   builder               [email_verify_arbitrage] Build: Email Verify Price Arbitrage
● t_08478fcc  running   builder               [tool_price_oracle] Build: Tool Price Oracle
quota probe: no-response (LIMITED)
=== 2026-08-23T02:17:34Z ===
Board: unbundled (14 other boards — `hermes kanban boards list`)

● t_0d668f8d  running   builder               [email_verify_arbitrage] Build: Email Verify Price Arbitrage
● t_08478fcc  running   builder               [tool_price_oracle] Build: Tool Price Oracle
quota probe: "content" (OK)
=== 2026-08-23T02:19:37Z ===
Board: unbundled (14 other boards — `hermes kanban boards list`)

● t_0d668f8d  running   builder               [email_verify_arbitrage] Build: Email Verify Price Arbitrage
● t_08478fcc  running   builder               [tool_price_oracle] Build: Tool Price Oracle
quota probe: "content" (OK)
=== 2026-08-23T02:21:40Z ===
Board: unbundled (19 other boards — `hermes kanban boards list`)

● t_0d668f8d  running   builder               [email_verify_arbitrage] Build: Email Verify Price Arbitrage
● t_08478fcc  running   builder               [tool_price_oracle] Build: Tool Price Oracle
quota probe: "content" (OK)
=== 2026-08-23T02:23:44Z ===
Board: unbundled (19 other boards — `hermes kanban boards list`)

● t_0d668f8d  running   builder               [email_verify_arbitrage] Build: Email Verify Price Arbitrage
● t_08478fcc  running   builder               [tool_price_oracle] Build: Tool Price Oracle
quota probe: no-response (LIMITED)
=== 2026-08-23T02:25:57Z ===
Board: unbundled (19 other boards — `hermes kanban boards list`)

● t_0d668f8d  running   builder               [email_verify_arbitrage] Build: Email Verify Price Arbitrage
● t_08478fcc  running   builder               [tool_price_oracle] Build: Tool Price Oracle
quota probe: "content" (OK)
=== 2026-08-23T02:28:02Z ===
Board: unbundled (19 other boards — `hermes kanban boards list`)

● t_0d668f8d  running   builder               [email_verify_arbitrage] Build: Email Verify Price Arbitrage
● t_08478fcc  running   builder               [tool_price_oracle] Build: Tool Price Oracle
quota probe: "content" (OK)
=== 2026-08-23T02:30:07Z ===
Board: unbundled (19 other boards — `hermes kanban boards list`)

● t_0d668f8d  running   builder               [email_verify_arbitrage] Build: Email Verify Price Arbitrage
● t_08478fcc  running   builder               [tool_price_oracle] Build: Tool Price Oracle
quota probe: "content" (OK)
=== 2026-08-23T02:32:10Z ===
Board: unbundled (19 other boards — `hermes kanban boards list`)

● t_0d668f8d  running   builder               [email_verify_arbitrage] Build: Email Verify Price Arbitrage
● t_08478fcc  running   builder               [tool_price_oracle] Build: Tool Price Oracle
quota probe: "content" (OK)
=== 2026-08-23T02:34:13Z ===
Board: unbundled (19 other boards — `hermes kanban boards list`)

● t_0d668f8d  running   builder               [email_verify_arbitrage] Build: Email Verify Price Arbitrage
● t_08478fcc  running   builder               [tool_price_oracle] Build: Tool Price Oracle
quota probe: "content" (OK)
=== 2026-08-23T02:36:18Z ===
Board: unbundled (19 other boards — `hermes kanban boards list`)

● t_0d668f8d  running   builder               [email_verify_arbitrage] Build: Email Verify Price Arbitrage
● t_08478fcc  running   builder               [tool_price_oracle] Build: Tool Price Oracle
quota probe: no-response (LIMITED)
=== 2026-08-23T02:38:30Z ===
Board: unbundled (19 other boards — `hermes kanban boards list`)

● t_0d668f8d  running   builder               [email_verify_arbitrage] Build: Email Verify Price Arbitrage
● t_08478fcc  running   builder               [tool_price_oracle] Build: Tool Price Oracle
quota probe: "content" (OK)
=== 2026-08-23T02:40:37Z ===
Board: unbundled (19 other boards — `hermes kanban boards list`)

● t_0d668f8d  running   builder               [email_verify_arbitrage] Build: Email Verify Price Arbitrage
● t_08478fcc  running   builder               [tool_price_oracle] Build: Tool Price Oracle
quota probe: no-response (LIMITED)
=== 2026-08-23T02:42:50Z ===
Board: unbundled (19 other boards — `hermes kanban boards list`)

● t_0d668f8d  running   builder               [email_verify_arbitrage] Build: Email Verify Price Arbitrage
● t_08478fcc  running   builder               [tool_price_oracle] Build: Tool Price Oracle
quota probe: no-response (LIMITED)
=== 2026-08-23T02:45:02Z ===
Board: unbundled (19 other boards — `hermes kanban boards list`)

● t_0d668f8d  running   builder               [email_verify_arbitrage] Build: Email Verify Price Arbitrage
● t_08478fcc  running   builder               [tool_price_oracle] Build: Tool Price Oracle
quota probe: "content" (OK)
=== 2026-08-23T02:47:04Z ===
Board: unbundled (19 other boards — `hermes kanban boards list`)

● t_0d668f8d  running   builder               [email_verify_arbitrage] Build: Email Verify Price Arbitrage
● t_08478fcc  running   builder               [tool_price_oracle] Build: Tool Price Oracle
quota probe: no-response (LIMITED)
=== 2026-08-23T02:49:17Z ===
Board: unbundled (19 other boards — `hermes kanban boards list`)

● t_0d668f8d  running   builder               [email_verify_arbitrage] Build: Email Verify Price Arbitrage
● t_08478fcc  running   builder               [tool_price_oracle] Build: Tool Price Oracle
quota probe: no-response (LIMITED)
=== 2026-08-23T02:51:29Z ===
Board: unbundled (19 other boards — `hermes kanban boards list`)

● t_0d668f8d  running   builder               [email_verify_arbitrage] Build: Email Verify Price Arbitrage
✓ t_08478fcc  done      builder               [tool_price_oracle] Build: Tool Price Oracle
quota probe: "content" (OK)
=== 2026-08-23T02:53:31Z ===
Board: unbundled (19 other boards — `hermes kanban boards list`)

● t_0d668f8d  running   builder               [email_verify_arbitrage] Build: Email Verify Price Arbitrage
✓ t_08478fcc  done      builder               [tool_price_oracle] Build: Tool Price Oracle
quota probe: no-response (LIMITED)
=== 2026-08-23T02:55:43Z ===
Board: unbundled (19 other boards — `hermes kanban boards list`)

● t_0d668f8d  running   builder               [email_verify_arbitrage] Build: Email Verify Price Arbitrage
✓ t_08478fcc  done      builder               [tool_price_oracle] Build: Tool Price Oracle
quota probe: no-response (LIMITED)
=== 2026-08-23T02:57:56Z ===
Board: unbundled (19 other boards — `hermes kanban boards list`)

● t_0d668f8d  running   builder               [email_verify_arbitrage] Build: Email Verify Price Arbitrage
✓ t_08478fcc  done      builder               [tool_price_oracle] Build: Tool Price Oracle
quota probe: no-response (LIMITED)
=== 2026-08-23T03:00:08Z ===
Board: unbundled (19 other boards — `hermes kanban boards list`)

● t_0d668f8d  running   builder               [email_verify_arbitrage] Build: Email Verify Price Arbitrage
✓ t_08478fcc  done      builder               [tool_price_oracle] Build: Tool Price Oracle
quota probe: "content" (OK)
=== 2026-08-23T03:02:18Z ===
Board: unbundled (19 other boards — `hermes kanban boards list`)

✓ t_0d668f8d  done      builder               [email_verify_arbitrage] Build: Email Verify Price Arbitrage
✓ t_08478fcc  done      builder               [tool_price_oracle] Build: Tool Price Oracle
quota probe: no-response (LIMITED)
=== 2026-08-23T03:04:31Z ===
Board: unbundled (19 other boards — `hermes kanban boards list`)

✓ t_0d668f8d  done      builder               [email_verify_arbitrage] Build: Email Verify Price Arbitrage
✓ t_08478fcc  done      builder               [tool_price_oracle] Build: Tool Price Oracle
quota probe: "content" (OK)
=== 2026-08-23T03:06:38Z ===
Board: unbundled (19 other boards — `hermes kanban boards list`)

✓ t_0d668f8d  done      builder               [email_verify_arbitrage] Build: Email Verify Price Arbitrage
✓ t_08478fcc  done      builder               [tool_price_oracle] Build: Tool Price Oracle
quota probe: no-response (LIMITED)
=== 2026-08-23T03:08:50Z ===
Board: unbundled (19 other boards — `hermes kanban boards list`)

✓ t_0d668f8d  done      builder               [email_verify_arbitrage] Build: Email Verify Price Arbitrage
✓ t_08478fcc  done      builder               [tool_price_oracle] Build: Tool Price Oracle
quota probe: "content" (OK)
=== 2026-08-23T03:10:57Z ===
Board: unbundled (19 other boards — `hermes kanban boards list`)

✓ t_0d668f8d  done      builder               [email_verify_arbitrage] Build: Email Verify Price Arbitrage
✓ t_08478fcc  done      builder               [tool_price_oracle] Build: Tool Price Oracle
quota probe: "content" (OK)
=== 2026-08-23T03:13:00Z ===
Board: unbundled (19 other boards — `hermes kanban boards list`)

✓ t_0d668f8d  done      builder               [email_verify_arbitrage] Build: Email Verify Price Arbitrage
✓ t_08478fcc  done      builder               [tool_price_oracle] Build: Tool Price Oracle
quota probe: "content" (OK)
=== 2026-08-23T03:15:03Z ===
Board: unbundled (19 other boards — `hermes kanban boards list`)

✓ t_0d668f8d  done      builder               [email_verify_arbitrage] Build: Email Verify Price Arbitrage
✓ t_08478fcc  done      builder               [tool_price_oracle] Build: Tool Price Oracle
quota probe: no-response (LIMITED)
=== 2026-08-23T03:17:15Z ===
Board: unbundled (19 other boards — `hermes kanban boards list`)

✓ t_0d668f8d  done      builder               [email_verify_arbitrage] Build: Email Verify Price Arbitrage
✓ t_08478fcc  done      builder               [tool_price_oracle] Build: Tool Price Oracle
quota probe: no-response (LIMITED)
=== 2026-08-23T03:19:28Z ===
Board: unbundled (19 other boards — `hermes kanban boards list`)

✓ t_0d668f8d  done      builder               [email_verify_arbitrage] Build: Email Verify Price Arbitrage
✓ t_08478fcc  done      builder               [tool_price_oracle] Build: Tool Price Oracle
quota probe: "content" (OK)
=== 2026-08-23T03:21:31Z ===
Board: unbundled (19 other boards — `hermes kanban boards list`)

✓ t_0d668f8d  done      builder               [email_verify_arbitrage] Build: Email Verify Price Arbitrage
✓ t_08478fcc  done      builder               [tool_price_oracle] Build: Tool Price Oracle
quota probe: no-response (LIMITED)
=== 2026-08-23T03:23:43Z ===
Board: unbundled (19 other boards — `hermes kanban boards list`)

✓ t_0d668f8d  done      builder               [email_verify_arbitrage] Build: Email Verify Price Arbitrage
✓ t_08478fcc  done      builder               [tool_price_oracle] Build: Tool Price Oracle
quota probe: no-response (LIMITED)
=== 2026-08-23T03:25:56Z ===
Board: unbundled (19 other boards — `hermes kanban boards list`)

✓ t_0d668f8d  done      builder               [email_verify_arbitrage] Build: Email Verify Price Arbitrage
✓ t_08478fcc  done      builder               [tool_price_oracle] Build: Tool Price Oracle
quota probe: no-response (LIMITED)
=== 2026-08-23T03:28:08Z ===
Board: unbundled (19 other boards — `hermes kanban boards list`)

✓ t_0d668f8d  done      builder               [email_verify_arbitrage] Build: Email Verify Price Arbitrage
✓ t_08478fcc  done      builder               [tool_price_oracle] Build: Tool Price Oracle
quota probe: no-response (LIMITED)
=== 2026-08-23T03:30:20Z ===
Board: unbundled (19 other boards — `hermes kanban boards list`)

✓ t_0d668f8d  done      builder               [email_verify_arbitrage] Build: Email Verify Price Arbitrage
✓ t_08478fcc  done      builder               [tool_price_oracle] Build: Tool Price Oracle
quota probe: "content" (OK)
=== 2026-08-23T03:32:31Z ===
Board: unbundled (19 other boards — `hermes kanban boards list`)

✓ t_0d668f8d  done      builder               [email_verify_arbitrage] Build: Email Verify Price Arbitrage
✓ t_08478fcc  done      builder               [tool_price_oracle] Build: Tool Price Oracle
quota probe: no-response (LIMITED)
=== 2026-08-23T03:34:44Z ===
Board: unbundled (19 other boards — `hermes kanban boards list`)

✓ t_0d668f8d  done      builder               [email_verify_arbitrage] Build: Email Verify Price Arbitrage
✓ t_08478fcc  done      builder               [tool_price_oracle] Build: Tool Price Oracle
quota probe: no-response (LIMITED)
=== 2026-08-23T03:36:56Z ===
Board: unbundled (19 other boards — `hermes kanban boards list`)

✓ t_0d668f8d  done      builder               [email_verify_arbitrage] Build: Email Verify Price Arbitrage
✓ t_08478fcc  done      builder               [tool_price_oracle] Build: Tool Price Oracle
quota probe: "content" (OK)
=== 2026-08-23T03:38:58Z ===
Board: unbundled (19 other boards — `hermes kanban boards list`)

✓ t_0d668f8d  done      builder               [email_verify_arbitrage] Build: Email Verify Price Arbitrage
✓ t_08478fcc  done      builder               [tool_price_oracle] Build: Tool Price Oracle
quota probe: no-response (LIMITED)
=== 2026-08-23T03:41:01Z ===
Board: unbundled (19 other boards — `hermes kanban boards list`)

✓ t_0d668f8d  done      builder               [email_verify_arbitrage] Build: Email Verify Price Arbitrage
✓ t_08478fcc  done      builder               [tool_price_oracle] Build: Tool Price Oracle
quota probe: no-response (LIMITED)
=== 2026-08-23T03:43:13Z ===
Board: unbundled (19 other boards — `hermes kanban boards list`)

✓ t_0d668f8d  done      builder               [email_verify_arbitrage] Build: Email Verify Price Arbitrage
✓ t_08478fcc  done      builder               [tool_price_oracle] Build: Tool Price Oracle
quota probe: no-response (LIMITED)
=== 2026-08-23T03:45:26Z ===
Board: unbundled (19 other boards — `hermes kanban boards list`)

✓ t_0d668f8d  done      builder               [email_verify_arbitrage] Build: Email Verify Price Arbitrage
✓ t_08478fcc  done      builder               [tool_price_oracle] Build: Tool Price Oracle
quota probe: no-response (LIMITED)
=== 2026-08-23T03:47:38Z ===
Board: unbundled (19 other boards — `hermes kanban boards list`)

✓ t_0d668f8d  done      builder               [email_verify_arbitrage] Build: Email Verify Price Arbitrage
✓ t_08478fcc  done      builder               [tool_price_oracle] Build: Tool Price Oracle
quota probe: no-response (LIMITED)
=== 2026-08-23T03:49:51Z ===
Board: unbundled (19 other boards — `hermes kanban boards list`)

✓ t_0d668f8d  done      builder               [email_verify_arbitrage] Build: Email Verify Price Arbitrage
✓ t_08478fcc  done      builder               [tool_price_oracle] Build: Tool Price Oracle
quota probe: "content" (OK)
=== 2026-08-23T03:51:53Z ===
Board: unbundled (19 other boards — `hermes kanban boards list`)

✓ t_0d668f8d  done      builder               [email_verify_arbitrage] Build: Email Verify Price Arbitrage
✓ t_08478fcc  done      builder               [tool_price_oracle] Build: Tool Price Oracle
quota probe: no-response (LIMITED)
=== 2026-08-23T03:54:05Z ===
Board: unbundled (19 other boards — `hermes kanban boards list`)

✓ t_0d668f8d  done      builder               [email_verify_arbitrage] Build: Email Verify Price Arbitrage
✓ t_08478fcc  done      builder               [tool_price_oracle] Build: Tool Price Oracle
quota probe: "content" (OK)
=== 2026-08-23T03:56:07Z ===
Board: unbundled (19 other boards — `hermes kanban boards list`)

✓ t_0d668f8d  done      builder               [email_verify_arbitrage] Build: Email Verify Price Arbitrage
✓ t_08478fcc  done      builder               [tool_price_oracle] Build: Tool Price Oracle
quota probe: "content" (OK)
=== 2026-08-23T03:58:13Z ===
Board: unbundled (19 other boards — `hermes kanban boards list`)

✓ t_0d668f8d  done      builder               [email_verify_arbitrage] Build: Email Verify Price Arbitrage
✓ t_08478fcc  done      builder               [tool_price_oracle] Build: Tool Price Oracle
quota probe: "content" (OK)
=== 2026-08-23T04:00:15Z ===
Board: unbundled (19 other boards — `hermes kanban boards list`)

✓ t_0d668f8d  done      builder               [email_verify_arbitrage] Build: Email Verify Price Arbitrage
✓ t_08478fcc  done      builder               [tool_price_oracle] Build: Tool Price Oracle
quota probe: "content" (OK)
=== 2026-08-23T04:02:17Z ===
Board: unbundled (19 other boards — `hermes kanban boards list`)

✓ t_0d668f8d  done      builder               [email_verify_arbitrage] Build: Email Verify Price Arbitrage
✓ t_08478fcc  done      builder               [tool_price_oracle] Build: Tool Price Oracle
quota probe: "content" (OK)
=== 2026-08-23T04:04:19Z ===
Board: unbundled (19 other boards — `hermes kanban boards list`)

✓ t_0d668f8d  done      builder               [email_verify_arbitrage] Build: Email Verify Price Arbitrage
✓ t_08478fcc  done      builder               [tool_price_oracle] Build: Tool Price Oracle
quota probe: "content" (OK)
=== 2026-08-23T04:06:20Z ===
Board: unbundled (19 other boards — `hermes kanban boards list`)

✓ t_0d668f8d  done      builder               [email_verify_arbitrage] Build: Email Verify Price Arbitrage
✓ t_08478fcc  done      builder               [tool_price_oracle] Build: Tool Price Oracle
quota probe: "content" (OK)
=== 2026-08-23T04:08:23Z ===
Board: unbundled (19 other boards — `hermes kanban boards list`)

✓ t_0d668f8d  done      builder               [email_verify_arbitrage] Build: Email Verify Price Arbitrage
✓ t_08478fcc  done      builder               [tool_price_oracle] Build: Tool Price Oracle
quota probe: "content" (OK)
=== 2026-08-23T04:10:26Z ===
Board: unbundled (19 other boards — `hermes kanban boards list`)

✓ t_0d668f8d  done      builder               [email_verify_arbitrage] Build: Email Verify Price Arbitrage
✓ t_08478fcc  done      builder               [tool_price_oracle] Build: Tool Price Oracle
quota probe: "content" (OK)
=== 2026-08-23T04:12:28Z ===
Board: unbundled (19 other boards — `hermes kanban boards list`)

✓ t_0d668f8d  done      builder               [email_verify_arbitrage] Build: Email Verify Price Arbitrage
✓ t_08478fcc  done      builder               [tool_price_oracle] Build: Tool Price Oracle
quota probe: "content" (OK)
=== 2026-08-23T04:14:30Z ===
Board: unbundled (19 other boards — `hermes kanban boards list`)

✓ t_0d668f8d  done      builder               [email_verify_arbitrage] Build: Email Verify Price Arbitrage
✓ t_08478fcc  done      builder               [tool_price_oracle] Build: Tool Price Oracle
quota probe: "content" (OK)
=== 2026-08-23T04:16:32Z ===
Board: unbundled (19 other boards — `hermes kanban boards list`)

✓ t_0d668f8d  done      builder               [email_verify_arbitrage] Build: Email Verify Price Arbitrage
✓ t_08478fcc  done      builder               [tool_price_oracle] Build: Tool Price Oracle
quota probe: "content" (OK)
=== 2026-08-23T04:18:34Z ===
Board: unbundled (19 other boards — `hermes kanban boards list`)

✓ t_0d668f8d  done      builder               [email_verify_arbitrage] Build: Email Verify Price Arbitrage
✓ t_08478fcc  done      builder               [tool_price_oracle] Build: Tool Price Oracle
quota probe: "content" (OK)
=== 2026-08-23T04:20:36Z ===
Board: unbundled (19 other boards — `hermes kanban boards list`)

✓ t_0d668f8d  done      builder               [email_verify_arbitrage] Build: Email Verify Price Arbitrage
✓ t_08478fcc  done      builder               [tool_price_oracle] Build: Tool Price Oracle
quota probe: "content" (OK)
=== 2026-08-23T04:22:38Z ===
Board: unbundled (19 other boards — `hermes kanban boards list`)

✓ t_0d668f8d  done      builder               [email_verify_arbitrage] Build: Email Verify Price Arbitrage
✓ t_08478fcc  done      builder               [tool_price_oracle] Build: Tool Price Oracle
quota probe: "content" (OK)
=== 2026-08-23T04:24:40Z ===
Board: unbundled (19 other boards — `hermes kanban boards list`)

✓ t_0d668f8d  done      builder               [email_verify_arbitrage] Build: Email Verify Price Arbitrage
✓ t_08478fcc  done      builder               [tool_price_oracle] Build: Tool Price Oracle
quota probe: "content" (OK)
=== 2026-08-23T04:26:42Z ===
Board: unbundled (19 other boards — `hermes kanban boards list`)

✓ t_0d668f8d  done      builder               [email_verify_arbitrage] Build: Email Verify Price Arbitrage
✓ t_08478fcc  done      builder               [tool_price_oracle] Build: Tool Price Oracle
quota probe: no-response (LIMITED)
=== 2026-08-23T04:28:43Z ===
Board: unbundled (19 other boards — `hermes kanban boards list`)

✓ t_0d668f8d  done      builder               [email_verify_arbitrage] Build: Email Verify Price Arbitrage
✓ t_08478fcc  done      builder               [tool_price_oracle] Build: Tool Price Oracle
quota probe: no-response (LIMITED)
=== 2026-08-23T04:30:45Z ===
Board: unbundled (19 other boards — `hermes kanban boards list`)

✓ t_0d668f8d  done      builder               [email_verify_arbitrage] Build: Email Verify Price Arbitrage
✓ t_08478fcc  done      builder               [tool_price_oracle] Build: Tool Price Oracle
quota probe: no-response (LIMITED)
=== 2026-08-23T04:32:46Z ===
Board: unbundled (19 other boards — `hermes kanban boards list`)

✓ t_0d668f8d  done      builder               [email_verify_arbitrage] Build: Email Verify Price Arbitrage
✓ t_08478fcc  done      builder               [tool_price_oracle] Build: Tool Price Oracle
quota probe: no-response (LIMITED)
=== 2026-08-23T04:34:59Z ===
Board: unbundled (19 other boards — `hermes kanban boards list`)

✓ t_0d668f8d  done      builder               [email_verify_arbitrage] Build: Email Verify Price Arbitrage
✓ t_08478fcc  done      builder               [tool_price_oracle] Build: Tool Price Oracle
quota probe: no-response (LIMITED)
=== 2026-08-23T04:37:00Z ===
Board: unbundled (19 other boards — `hermes kanban boards list`)

✓ t_0d668f8d  done      builder               [email_verify_arbitrage] Build: Email Verify Price Arbitrage
✓ t_08478fcc  done      builder               [tool_price_oracle] Build: Tool Price Oracle
quota probe: no-response (LIMITED)
=== 2026-08-23T04:39:01Z ===
Board: unbundled (19 other boards — `hermes kanban boards list`)

✓ t_0d668f8d  done      builder               [email_verify_arbitrage] Build: Email Verify Price Arbitrage
✓ t_08478fcc  done      builder               [tool_price_oracle] Build: Tool Price Oracle
quota probe: no-response (LIMITED)
=== 2026-08-23T04:41:02Z ===
Board: unbundled (19 other boards — `hermes kanban boards list`)

✓ t_0d668f8d  done      builder               [email_verify_arbitrage] Build: Email Verify Price Arbitrage
✓ t_08478fcc  done      builder               [tool_price_oracle] Build: Tool Price Oracle
quota probe: no-response (LIMITED)
=== 2026-08-23T04:43:15Z ===
Board: unbundled (19 other boards — `hermes kanban boards list`)

✓ t_0d668f8d  done      builder               [email_verify_arbitrage] Build: Email Verify Price Arbitrage
✓ t_08478fcc  done      builder               [tool_price_oracle] Build: Tool Price Oracle
quota probe: no-response (LIMITED)
=== 2026-08-23T04:45:16Z ===
Board: unbundled (19 other boards — `hermes kanban boards list`)

✓ t_0d668f8d  done      builder               [email_verify_arbitrage] Build: Email Verify Price Arbitrage
✓ t_08478fcc  done      builder               [tool_price_oracle] Build: Tool Price Oracle
quota probe: no-response (LIMITED)
=== 2026-08-23T04:47:18Z ===
Board: unbundled (19 other boards — `hermes kanban boards list`)

✓ t_0d668f8d  done      builder               [email_verify_arbitrage] Build: Email Verify Price Arbitrage
✓ t_08478fcc  done      builder               [tool_price_oracle] Build: Tool Price Oracle
quota probe: no-response (LIMITED)
=== 2026-08-23T04:49:30Z ===
Board: unbundled (19 other boards — `hermes kanban boards list`)

✓ t_0d668f8d  done      builder               [email_verify_arbitrage] Build: Email Verify Price Arbitrage
✓ t_08478fcc  done      builder               [tool_price_oracle] Build: Tool Price Oracle
quota probe: no-response (LIMITED)
=== 2026-08-23T04:51:42Z ===
Board: unbundled (19 other boards — `hermes kanban boards list`)

✓ t_0d668f8d  done      builder               [email_verify_arbitrage] Build: Email Verify Price Arbitrage
✓ t_08478fcc  done      builder               [tool_price_oracle] Build: Tool Price Oracle
quota probe: "content" (OK)
=== 2026-08-23T04:53:45Z ===
Board: unbundled (19 other boards — `hermes kanban boards list`)

✓ t_0d668f8d  done      builder               [email_verify_arbitrage] Build: Email Verify Price Arbitrage
✓ t_08478fcc  done      builder               [tool_price_oracle] Build: Tool Price Oracle
quota probe: no-response (LIMITED)
=== 2026-08-23T04:55:46Z ===
Board: unbundled (19 other boards — `hermes kanban boards list`)

✓ t_0d668f8d  done      builder               [email_verify_arbitrage] Build: Email Verify Price Arbitrage
✓ t_08478fcc  done      builder               [tool_price_oracle] Build: Tool Price Oracle
quota probe: no-response (LIMITED)
=== 2026-08-23T04:57:48Z ===
Board: unbundled (19 other boards — `hermes kanban boards list`)

✓ t_0d668f8d  done      builder               [email_verify_arbitrage] Build: Email Verify Price Arbitrage
✓ t_08478fcc  done      builder               [tool_price_oracle] Build: Tool Price Oracle
quota probe: "content" (OK)
=== 2026-08-23T04:59:51Z ===
Board: unbundled (19 other boards — `hermes kanban boards list`)

✓ t_0d668f8d  done      builder               [email_verify_arbitrage] Build: Email Verify Price Arbitrage
✓ t_08478fcc  done      builder               [tool_price_oracle] Build: Tool Price Oracle
quota probe: no-response (LIMITED)
=== 2026-08-23T05:02:03Z ===
Board: unbundled (19 other boards — `hermes kanban boards list`)

✓ t_0d668f8d  done      builder               [email_verify_arbitrage] Build: Email Verify Price Arbitrage
✓ t_08478fcc  done      builder               [tool_price_oracle] Build: Tool Price Oracle
quota probe: "content" (OK)
=== 2026-08-23T05:04:05Z ===
Board: unbundled (19 other boards — `hermes kanban boards list`)

✓ t_0d668f8d  done      builder               [email_verify_arbitrage] Build: Email Verify Price Arbitrage
✓ t_08478fcc  done      builder               [tool_price_oracle] Build: Tool Price Oracle
quota probe: no-response (LIMITED)
=== 2026-08-23T05:06:07Z ===
Board: unbundled (19 other boards — `hermes kanban boards list`)

✓ t_0d668f8d  done      builder               [email_verify_arbitrage] Build: Email Verify Price Arbitrage
✓ t_08478fcc  done      builder               [tool_price_oracle] Build: Tool Price Oracle
quota probe: no-response (LIMITED)
=== 2026-08-23T05:08:19Z ===
Board: unbundled (19 other boards — `hermes kanban boards list`)

✓ t_0d668f8d  done      builder               [email_verify_arbitrage] Build: Email Verify Price Arbitrage
✓ t_08478fcc  done      builder               [tool_price_oracle] Build: Tool Price Oracle
quota probe: "content" (OK)
=== 2026-08-23T05:10:25Z ===
Board: unbundled (19 other boards — `hermes kanban boards list`)

✓ t_0d668f8d  done      builder               [email_verify_arbitrage] Build: Email Verify Price Arbitrage
✓ t_08478fcc  done      builder               [tool_price_oracle] Build: Tool Price Oracle
quota probe: no-response (LIMITED)
=== 2026-08-23T05:12:28Z ===
Board: unbundled (19 other boards — `hermes kanban boards list`)

✓ t_0d668f8d  done      builder               [email_verify_arbitrage] Build: Email Verify Price Arbitrage
✓ t_08478fcc  done      builder               [tool_price_oracle] Build: Tool Price Oracle
quota probe: no-response (LIMITED)
=== 2026-08-23T05:14:40Z ===
Board: unbundled (19 other boards — `hermes kanban boards list`)

✓ t_0d668f8d  done      builder               [email_verify_arbitrage] Build: Email Verify Price Arbitrage
✓ t_08478fcc  done      builder               [tool_price_oracle] Build: Tool Price Oracle
quota probe: "content" (OK)
=== 2026-08-23T05:16:43Z ===
Board: unbundled (19 other boards — `hermes kanban boards list`)

✓ t_0d668f8d  done      builder               [email_verify_arbitrage] Build: Email Verify Price Arbitrage
✓ t_08478fcc  done      builder               [tool_price_oracle] Build: Tool Price Oracle
quota probe: "content" (OK)
=== 2026-08-23T05:18:45Z ===
Board: unbundled (19 other boards — `hermes kanban boards list`)

✓ t_0d668f8d  done      builder               [email_verify_arbitrage] Build: Email Verify Price Arbitrage
✓ t_08478fcc  done      builder               [tool_price_oracle] Build: Tool Price Oracle
quota probe: "content" (OK)
=== 2026-08-23T05:20:48Z ===
Board: unbundled (19 other boards — `hermes kanban boards list`)

✓ t_0d668f8d  done      builder               [email_verify_arbitrage] Build: Email Verify Price Arbitrage
✓ t_08478fcc  done      builder               [tool_price_oracle] Build: Tool Price Oracle
quota probe: "content" (OK)
=== 2026-08-23T05:22:50Z ===
Board: unbundled (19 other boards — `hermes kanban boards list`)

✓ t_0d668f8d  done      builder               [email_verify_arbitrage] Build: Email Verify Price Arbitrage
✓ t_08478fcc  done      builder               [tool_price_oracle] Build: Tool Price Oracle
quota probe: "content" (OK)
=== 2026-08-23T05:24:53Z ===
Board: unbundled (19 other boards — `hermes kanban boards list`)

✓ t_0d668f8d  done      builder               [email_verify_arbitrage] Build: Email Verify Price Arbitrage
✓ t_08478fcc  done      builder               [tool_price_oracle] Build: Tool Price Oracle
quota probe: "content" (OK)
=== 2026-08-23T05:26:55Z ===
Board: unbundled (19 other boards — `hermes kanban boards list`)

✓ t_0d668f8d  done      builder               [email_verify_arbitrage] Build: Email Verify Price Arbitrage
✓ t_08478fcc  done      builder               [tool_price_oracle] Build: Tool Price Oracle
quota probe: "content" (OK)
=== 2026-08-23T05:28:58Z ===
Board: unbundled (19 other boards — `hermes kanban boards list`)

✓ t_0d668f8d  done      builder               [email_verify_arbitrage] Build: Email Verify Price Arbitrage
✓ t_08478fcc  done      builder               [tool_price_oracle] Build: Tool Price Oracle
quota probe: "content" (OK)
=== 2026-08-23T05:31:01Z ===
Board: unbundled (19 other boards — `hermes kanban boards list`)

✓ t_0d668f8d  done      builder               [email_verify_arbitrage] Build: Email Verify Price Arbitrage
✓ t_08478fcc  done      builder               [tool_price_oracle] Build: Tool Price Oracle
quota probe: "content" (OK)
=== 2026-08-23T05:33:04Z ===
Board: unbundled (19 other boards — `hermes kanban boards list`)

✓ t_0d668f8d  done      builder               [email_verify_arbitrage] Build: Email Verify Price Arbitrage
✓ t_08478fcc  done      builder               [tool_price_oracle] Build: Tool Price Oracle
quota probe: "content" (OK)
=== 2026-08-23T05:35:08Z ===
Board: unbundled (19 other boards — `hermes kanban boards list`)

✓ t_0d668f8d  done      builder               [email_verify_arbitrage] Build: Email Verify Price Arbitrage
✓ t_08478fcc  done      builder               [tool_price_oracle] Build: Tool Price Oracle
quota probe: "content" (OK)
=== 2026-08-23T05:37:13Z ===
Board: unbundled (19 other boards — `hermes kanban boards list`)

✓ t_0d668f8d  done      builder               [email_verify_arbitrage] Build: Email Verify Price Arbitrage
✓ t_08478fcc  done      builder               [tool_price_oracle] Build: Tool Price Oracle
quota probe: no-response (LIMITED)
=== 2026-08-23T05:39:14Z ===
Board: unbundled (19 other boards — `hermes kanban boards list`)

✓ t_0d668f8d  done      builder               [email_verify_arbitrage] Build: Email Verify Price Arbitrage
✓ t_08478fcc  done      builder               [tool_price_oracle] Build: Tool Price Oracle
quota probe: no-response (LIMITED)
=== 2026-08-23T05:41:26Z ===
Board: unbundled (19 other boards — `hermes kanban boards list`)

✓ t_0d668f8d  done      builder               [email_verify_arbitrage] Build: Email Verify Price Arbitrage
✓ t_08478fcc  done      builder               [tool_price_oracle] Build: Tool Price Oracle
quota probe: no-response (LIMITED)
=== 2026-08-23T05:43:39Z ===
Board: unbundled (19 other boards — `hermes kanban boards list`)

✓ t_0d668f8d  done      builder               [email_verify_arbitrage] Build: Email Verify Price Arbitrage
✓ t_08478fcc  done      builder               [tool_price_oracle] Build: Tool Price Oracle
quota probe: no-response (LIMITED)
=== 2026-08-23T05:45:51Z ===
Board: unbundled (19 other boards — `hermes kanban boards list`)

✓ t_0d668f8d  done      builder               [email_verify_arbitrage] Build: Email Verify Price Arbitrage
✓ t_08478fcc  done      builder               [tool_price_oracle] Build: Tool Price Oracle
quota probe: no-response (LIMITED)
=== 2026-08-23T05:48:03Z ===
Board: unbundled (19 other boards — `hermes kanban boards list`)

✓ t_0d668f8d  done      builder               [email_verify_arbitrage] Build: Email Verify Price Arbitrage
✓ t_08478fcc  done      builder               [tool_price_oracle] Build: Tool Price Oracle
quota probe: no-response (LIMITED)
=== 2026-08-23T05:50:16Z ===
Board: unbundled (19 other boards — `hermes kanban boards list`)

✓ t_0d668f8d  done      builder               [email_verify_arbitrage] Build: Email Verify Price Arbitrage
✓ t_08478fcc  done      builder               [tool_price_oracle] Build: Tool Price Oracle
quota probe: "content" (OK)
=== 2026-08-23T05:52:18Z ===
Board: unbundled (19 other boards — `hermes kanban boards list`)

✓ t_0d668f8d  done      builder               [email_verify_arbitrage] Build: Email Verify Price Arbitrage
✓ t_08478fcc  done      builder               [tool_price_oracle] Build: Tool Price Oracle
quota probe: "content" (OK)
=== 2026-08-23T05:54:20Z ===
Board: unbundled (19 other boards — `hermes kanban boards list`)

✓ t_0d668f8d  done      builder               [email_verify_arbitrage] Build: Email Verify Price Arbitrage
✓ t_08478fcc  done      builder               [tool_price_oracle] Build: Tool Price Oracle
quota probe: no-response (LIMITED)
=== 2026-08-23T05:56:32Z ===
Board: unbundled (19 other boards — `hermes kanban boards list`)

✓ t_0d668f8d  done      builder               [email_verify_arbitrage] Build: Email Verify Price Arbitrage
✓ t_08478fcc  done      builder               [tool_price_oracle] Build: Tool Price Oracle
quota probe: no-response (LIMITED)
=== 2026-08-23T05:58:44Z ===
Board: unbundled (19 other boards — `hermes kanban boards list`)

✓ t_0d668f8d  done      builder               [email_verify_arbitrage] Build: Email Verify Price Arbitrage
✓ t_08478fcc  done      builder               [tool_price_oracle] Build: Tool Price Oracle
quota probe: no-response (LIMITED)
=== 2026-08-23T06:00:57Z ===
Board: unbundled (19 other boards — `hermes kanban boards list`)

✓ t_0d668f8d  done      builder               [email_verify_arbitrage] Build: Email Verify Price Arbitrage
✓ t_08478fcc  done      builder               [tool_price_oracle] Build: Tool Price Oracle
quota probe: no-response (LIMITED)
=== 2026-08-23T06:03:09Z ===
Board: unbundled (19 other boards — `hermes kanban boards list`)

✓ t_0d668f8d  done      builder               [email_verify_arbitrage] Build: Email Verify Price Arbitrage
✓ t_08478fcc  done      builder               [tool_price_oracle] Build: Tool Price Oracle
quota probe: no-response (LIMITED)
=== 2026-08-23T06:05:22Z ===
Board: unbundled (19 other boards — `hermes kanban boards list`)

✓ t_0d668f8d  done      builder               [email_verify_arbitrage] Build: Email Verify Price Arbitrage
✓ t_08478fcc  done      builder               [tool_price_oracle] Build: Tool Price Oracle
quota probe: no-response (LIMITED)
=== 2026-08-23T06:07:34Z ===
Board: unbundled (19 other boards — `hermes kanban boards list`)

✓ t_0d668f8d  done      builder               [email_verify_arbitrage] Build: Email Verify Price Arbitrage
✓ t_08478fcc  done      builder               [tool_price_oracle] Build: Tool Price Oracle
quota probe: "content" (OK)
=== 2026-08-23T06:09:36Z ===
Board: unbundled (19 other boards — `hermes kanban boards list`)

✓ t_0d668f8d  done      builder               [email_verify_arbitrage] Build: Email Verify Price Arbitrage
✓ t_08478fcc  done      builder               [tool_price_oracle] Build: Tool Price Oracle
quota probe: "content" (OK)
=== 2026-08-23T06:11:39Z ===
Board: unbundled (19 other boards — `hermes kanban boards list`)

✓ t_0d668f8d  done      builder               [email_verify_arbitrage] Build: Email Verify Price Arbitrage
✓ t_08478fcc  done      builder               [tool_price_oracle] Build: Tool Price Oracle
quota probe: "content" (OK)
=== 2026-08-23T06:13:41Z ===
Board: unbundled (19 other boards — `hermes kanban boards list`)

✓ t_0d668f8d  done      builder               [email_verify_arbitrage] Build: Email Verify Price Arbitrage
✓ t_08478fcc  done      builder               [tool_price_oracle] Build: Tool Price Oracle
quota probe: no-response (LIMITED)
=== 2026-08-23T06:15:54Z ===
Board: unbundled (19 other boards — `hermes kanban boards list`)

✓ t_0d668f8d  done      builder               [email_verify_arbitrage] Build: Email Verify Price Arbitrage
✓ t_08478fcc  done      builder               [tool_price_oracle] Build: Tool Price Oracle
quota probe: no-response (LIMITED)
=== 2026-08-23T06:18:06Z ===
Board: unbundled (19 other boards — `hermes kanban boards list`)

✓ t_0d668f8d  done      builder               [email_verify_arbitrage] Build: Email Verify Price Arbitrage
✓ t_08478fcc  done      builder               [tool_price_oracle] Build: Tool Price Oracle
quota probe: no-response (LIMITED)
=== 2026-08-23T06:20:18Z ===
Board: unbundled (19 other boards — `hermes kanban boards list`)

✓ t_0d668f8d  done      builder               [email_verify_arbitrage] Build: Email Verify Price Arbitrage
✓ t_08478fcc  done      builder               [tool_price_oracle] Build: Tool Price Oracle
quota probe: no-response (LIMITED)
=== 2026-08-23T06:22:31Z ===
Board: unbundled (19 other boards — `hermes kanban boards list`)

✓ t_0d668f8d  done      builder               [email_verify_arbitrage] Build: Email Verify Price Arbitrage
✓ t_08478fcc  done      builder               [tool_price_oracle] Build: Tool Price Oracle
quota probe: "content" (OK)
=== 2026-08-23T06:24:33Z ===
Board: unbundled (19 other boards — `hermes kanban boards list`)

✓ t_0d668f8d  done      builder               [email_verify_arbitrage] Build: Email Verify Price Arbitrage
✓ t_08478fcc  done      builder               [tool_price_oracle] Build: Tool Price Oracle
quota probe: no-response (LIMITED)
=== 2026-08-23T06:26:45Z ===
Board: unbundled (19 other boards — `hermes kanban boards list`)

✓ t_0d668f8d  done      builder               [email_verify_arbitrage] Build: Email Verify Price Arbitrage
✓ t_08478fcc  done      builder               [tool_price_oracle] Build: Tool Price Oracle
quota probe: no-response (LIMITED)
=== 2026-08-23T06:28:58Z ===
Board: unbundled (19 other boards — `hermes kanban boards list`)

✓ t_0d668f8d  done      builder               [email_verify_arbitrage] Build: Email Verify Price Arbitrage
✓ t_08478fcc  done      builder               [tool_price_oracle] Build: Tool Price Oracle
quota probe: "content" (OK)
=== 2026-08-23T06:31:04Z ===
Board: unbundled (19 other boards — `hermes kanban boards list`)

✓ t_0d668f8d  done      builder               [email_verify_arbitrage] Build: Email Verify Price Arbitrage
✓ t_08478fcc  done      builder               [tool_price_oracle] Build: Tool Price Oracle
quota probe: "content" (OK)
=== 2026-08-23T06:33:06Z ===
Board: unbundled (19 other boards — `hermes kanban boards list`)

✓ t_0d668f8d  done      builder               [email_verify_arbitrage] Build: Email Verify Price Arbitrage
✓ t_08478fcc  done      builder               [tool_price_oracle] Build: Tool Price Oracle
quota probe: no-response (LIMITED)
=== 2026-08-23T06:35:18Z ===
Board: unbundled (19 other boards — `hermes kanban boards list`)

✓ t_0d668f8d  done      builder               [email_verify_arbitrage] Build: Email Verify Price Arbitrage
✓ t_08478fcc  done      builder               [tool_price_oracle] Build: Tool Price Oracle
quota probe: "content" (OK)
=== 2026-08-23T06:37:21Z ===
Board: unbundled (19 other boards — `hermes kanban boards list`)

✓ t_0d668f8d  done      builder               [email_verify_arbitrage] Build: Email Verify Price Arbitrage
✓ t_08478fcc  done      builder               [tool_price_oracle] Build: Tool Price Oracle
quota probe: no-response (LIMITED)
=== 2026-08-23T06:39:33Z ===
Board: unbundled (19 other boards — `hermes kanban boards list`)

✓ t_0d668f8d  done      builder               [email_verify_arbitrage] Build: Email Verify Price Arbitrage
✓ t_08478fcc  done      builder               [tool_price_oracle] Build: Tool Price Oracle
quota probe: "content" (OK)
=== 2026-08-23T06:41:36Z ===
Board: unbundled (19 other boards — `hermes kanban boards list`)

✓ t_0d668f8d  done      builder               [email_verify_arbitrage] Build: Email Verify Price Arbitrage
✓ t_08478fcc  done      builder               [tool_price_oracle] Build: Tool Price Oracle
quota probe: no-response (LIMITED)
=== 2026-08-23T06:43:37Z ===
Board: unbundled (19 other boards — `hermes kanban boards list`)

✓ t_0d668f8d  done      builder               [email_verify_arbitrage] Build: Email Verify Price Arbitrage
✓ t_08478fcc  done      builder               [tool_price_oracle] Build: Tool Price Oracle
quota probe: no-response (LIMITED)
=== 2026-08-23T06:45:50Z ===
Board: unbundled (19 other boards — `hermes kanban boards list`)

✓ t_0d668f8d  done      builder               [email_verify_arbitrage] Build: Email Verify Price Arbitrage
✓ t_08478fcc  done      builder               [tool_price_oracle] Build: Tool Price Oracle
quota probe: "content" (OK)
=== 2026-08-23T06:47:57Z ===
Board: unbundled (19 other boards — `hermes kanban boards list`)

✓ t_0d668f8d  done      builder               [email_verify_arbitrage] Build: Email Verify Price Arbitrage
✓ t_08478fcc  done      builder               [tool_price_oracle] Build: Tool Price Oracle
quota probe: "content" (OK)
=== 2026-08-23T06:50:01Z ===
Board: unbundled (19 other boards — `hermes kanban boards list`)

✓ t_0d668f8d  done      builder               [email_verify_arbitrage] Build: Email Verify Price Arbitrage
✓ t_08478fcc  done      builder               [tool_price_oracle] Build: Tool Price Oracle
quota probe: "content" (OK)
=== 2026-08-23T06:52:03Z ===
Board: unbundled (19 other boards — `hermes kanban boards list`)

✓ t_0d668f8d  done      builder               [email_verify_arbitrage] Build: Email Verify Price Arbitrage
✓ t_08478fcc  done      builder               [tool_price_oracle] Build: Tool Price Oracle
quota probe: "content" (OK)
=== 2026-08-23T06:54:07Z ===
Board: unbundled (19 other boards — `hermes kanban boards list`)

✓ t_0d668f8d  done      builder               [email_verify_arbitrage] Build: Email Verify Price Arbitrage
✓ t_08478fcc  done      builder               [tool_price_oracle] Build: Tool Price Oracle
quota probe: "content" (OK)
=== 2026-08-23T06:56:20Z ===
Board: unbundled (19 other boards — `hermes kanban boards list`)

✓ t_0d668f8d  done      builder               [email_verify_arbitrage] Build: Email Verify Price Arbitrage
✓ t_08478fcc  done      builder               [tool_price_oracle] Build: Tool Price Oracle
quota probe: "content" (OK)
=== 2026-08-23T06:58:23Z ===
Board: unbundled (19 other boards — `hermes kanban boards list`)

✓ t_0d668f8d  done      builder               [email_verify_arbitrage] Build: Email Verify Price Arbitrage
✓ t_08478fcc  done      builder               [tool_price_oracle] Build: Tool Price Oracle
quota probe: "content" (OK)
=== 2026-08-23T07:00:27Z ===
Board: unbundled (19 other boards — `hermes kanban boards list`)

✓ t_0d668f8d  done      builder               [email_verify_arbitrage] Build: Email Verify Price Arbitrage
✓ t_08478fcc  done      builder               [tool_price_oracle] Build: Tool Price Oracle
quota probe: "content" (OK)
=== 2026-08-23T07:02:29Z ===
Board: unbundled (19 other boards — `hermes kanban boards list`)

✓ t_0d668f8d  done      builder               [email_verify_arbitrage] Build: Email Verify Price Arbitrage
✓ t_08478fcc  done      builder               [tool_price_oracle] Build: Tool Price Oracle
quota probe: no-response (LIMITED)
=== 2026-08-23T07:04:42Z ===
Board: unbundled (19 other boards — `hermes kanban boards list`)

✓ t_0d668f8d  done      builder               [email_verify_arbitrage] Build: Email Verify Price Arbitrage
✓ t_08478fcc  done      builder               [tool_price_oracle] Build: Tool Price Oracle
quota probe: no-response (LIMITED)
=== 2026-08-23T07:06:54Z ===
Board: unbundled (19 other boards — `hermes kanban boards list`)

✓ t_0d668f8d  done      builder               [email_verify_arbitrage] Build: Email Verify Price Arbitrage
✓ t_08478fcc  done      builder               [tool_price_oracle] Build: Tool Price Oracle
quota probe: "content" (OK)
=== 2026-08-23T07:08:56Z ===
Board: unbundled (19 other boards — `hermes kanban boards list`)

✓ t_0d668f8d  done      builder               [email_verify_arbitrage] Build: Email Verify Price Arbitrage
✓ t_08478fcc  done      builder               [tool_price_oracle] Build: Tool Price Oracle
quota probe: "content" (OK)
=== 2026-08-23T07:10:59Z ===
Board: unbundled (19 other boards — `hermes kanban boards list`)

✓ t_0d668f8d  done      builder               [email_verify_arbitrage] Build: Email Verify Price Arbitrage
✓ t_08478fcc  done      builder               [tool_price_oracle] Build: Tool Price Oracle
quota probe: no-response (LIMITED)
=== 2026-08-23T07:13:11Z ===
Board: unbundled (19 other boards — `hermes kanban boards list`)

✓ t_0d668f8d  done      builder               [email_verify_arbitrage] Build: Email Verify Price Arbitrage
✓ t_08478fcc  done      builder               [tool_price_oracle] Build: Tool Price Oracle
quota probe: no-response (LIMITED)
=== 2026-08-23T07:15:24Z ===
Board: unbundled (19 other boards — `hermes kanban boards list`)

✓ t_0d668f8d  done      builder               [email_verify_arbitrage] Build: Email Verify Price Arbitrage
✓ t_08478fcc  done      builder               [tool_price_oracle] Build: Tool Price Oracle
quota probe: "content" (OK)
=== 2026-08-23T07:17:36Z ===
Board: unbundled (19 other boards — `hermes kanban boards list`)

✓ t_0d668f8d  done      builder               [email_verify_arbitrage] Build: Email Verify Price Arbitrage
✓ t_08478fcc  done      builder               [tool_price_oracle] Build: Tool Price Oracle
quota probe: "content" (OK)
=== 2026-08-23T07:19:38Z ===
Board: unbundled (19 other boards — `hermes kanban boards list`)

✓ t_0d668f8d  done      builder               [email_verify_arbitrage] Build: Email Verify Price Arbitrage
✓ t_08478fcc  done      builder               [tool_price_oracle] Build: Tool Price Oracle
quota probe: "content" (OK)
=== 2026-08-23T07:21:40Z ===
Board: unbundled (19 other boards — `hermes kanban boards list`)

✓ t_0d668f8d  done      builder               [email_verify_arbitrage] Build: Email Verify Price Arbitrage
✓ t_08478fcc  done      builder               [tool_price_oracle] Build: Tool Price Oracle
quota probe: "content" (OK)
=== 2026-08-23T07:23:42Z ===
Board: unbundled (19 other boards — `hermes kanban boards list`)

✓ t_0d668f8d  done      builder               [email_verify_arbitrage] Build: Email Verify Price Arbitrage
✓ t_08478fcc  done      builder               [tool_price_oracle] Build: Tool Price Oracle
quota probe: "content" (OK)
=== 2026-08-23T07:25:44Z ===
Board: unbundled (19 other boards — `hermes kanban boards list`)

✓ t_0d668f8d  done      builder               [email_verify_arbitrage] Build: Email Verify Price Arbitrage
✓ t_08478fcc  done      builder               [tool_price_oracle] Build: Tool Price Oracle
quota probe: "content" (OK)
=== 2026-08-23T07:27:46Z ===
Board: unbundled (19 other boards — `hermes kanban boards list`)

✓ t_0d668f8d  done      builder               [email_verify_arbitrage] Build: Email Verify Price Arbitrage
✓ t_08478fcc  done      builder               [tool_price_oracle] Build: Tool Price Oracle
quota probe: "content" (OK)
=== 2026-08-23T07:29:47Z ===
Board: unbundled (19 other boards — `hermes kanban boards list`)

✓ t_0d668f8d  done      builder               [email_verify_arbitrage] Build: Email Verify Price Arbitrage
✓ t_08478fcc  done      builder               [tool_price_oracle] Build: Tool Price Oracle
quota probe: "content" (OK)
=== 2026-08-23T07:31:49Z ===
Board: unbundled (19 other boards — `hermes kanban boards list`)

✓ t_0d668f8d  done      builder               [email_verify_arbitrage] Build: Email Verify Price Arbitrage
✓ t_08478fcc  done      builder               [tool_price_oracle] Build: Tool Price Oracle
quota probe: "content" (OK)
=== 2026-08-23T07:33:51Z ===
Board: unbundled (19 other boards — `hermes kanban boards list`)

✓ t_0d668f8d  done      builder               [email_verify_arbitrage] Build: Email Verify Price Arbitrage
✓ t_08478fcc  done      builder               [tool_price_oracle] Build: Tool Price Oracle
quota probe: "content" (OK)
=== 2026-08-23T07:35:56Z ===
Board: unbundled (19 other boards — `hermes kanban boards list`)

✓ t_0d668f8d  done      builder               [email_verify_arbitrage] Build: Email Verify Price Arbitrage
✓ t_08478fcc  done      builder               [tool_price_oracle] Build: Tool Price Oracle
quota probe: "content" (OK)
=== 2026-08-23T07:37:58Z ===
Board: unbundled (19 other boards — `hermes kanban boards list`)

✓ t_0d668f8d  done      builder               [email_verify_arbitrage] Build: Email Verify Price Arbitrage
✓ t_08478fcc  done      builder               [tool_price_oracle] Build: Tool Price Oracle
quota probe: no-response (LIMITED)
=== 2026-08-23T07:40:10Z ===
Board: unbundled (19 other boards — `hermes kanban boards list`)

✓ t_0d668f8d  done      builder               [email_verify_arbitrage] Build: Email Verify Price Arbitrage
✓ t_08478fcc  done      builder               [tool_price_oracle] Build: Tool Price Oracle
quota probe: "content" (OK)
=== 2026-08-23T07:42:17Z ===
Board: unbundled (19 other boards — `hermes kanban boards list`)

✓ t_0d668f8d  done      builder               [email_verify_arbitrage] Build: Email Verify Price Arbitrage
✓ t_08478fcc  done      builder               [tool_price_oracle] Build: Tool Price Oracle
quota probe: "content" (OK)
=== 2026-08-23T07:44:19Z ===
Board: unbundled (19 other boards — `hermes kanban boards list`)

✓ t_0d668f8d  done      builder               [email_verify_arbitrage] Build: Email Verify Price Arbitrage
✓ t_08478fcc  done      builder               [tool_price_oracle] Build: Tool Price Oracle
quota probe: no-response (LIMITED)
=== 2026-08-23T07:46:31Z ===
Board: unbundled (19 other boards — `hermes kanban boards list`)

✓ t_0d668f8d  done      builder               [email_verify_arbitrage] Build: Email Verify Price Arbitrage
✓ t_08478fcc  done      builder               [tool_price_oracle] Build: Tool Price Oracle
quota probe: "content" (OK)
=== 2026-08-23T07:48:37Z ===
Board: unbundled (19 other boards — `hermes kanban boards list`)

✓ t_0d668f8d  done      builder               [email_verify_arbitrage] Build: Email Verify Price Arbitrage
✓ t_08478fcc  done      builder               [tool_price_oracle] Build: Tool Price Oracle
quota probe: "content" (OK)
=== 2026-08-23T07:50:39Z ===
Board: unbundled (19 other boards — `hermes kanban boards list`)

✓ t_0d668f8d  done      builder               [email_verify_arbitrage] Build: Email Verify Price Arbitrage
✓ t_08478fcc  done      builder               [tool_price_oracle] Build: Tool Price Oracle
quota probe: "content" (OK)
=== 2026-08-23T07:52:46Z ===
Board: unbundled (19 other boards — `hermes kanban boards list`)

✓ t_0d668f8d  done      builder               [email_verify_arbitrage] Build: Email Verify Price Arbitrage
✓ t_08478fcc  done      builder               [tool_price_oracle] Build: Tool Price Oracle
quota probe: "content" (OK)
=== 2026-08-23T07:54:48Z ===
Board: unbundled (19 other boards — `hermes kanban boards list`)

✓ t_0d668f8d  done      builder               [email_verify_arbitrage] Build: Email Verify Price Arbitrage
✓ t_08478fcc  done      builder               [tool_price_oracle] Build: Tool Price Oracle
quota probe: "content" (OK)
=== 2026-08-23T07:56:50Z ===
Board: unbundled (19 other boards — `hermes kanban boards list`)

✓ t_0d668f8d  done      builder               [email_verify_arbitrage] Build: Email Verify Price Arbitrage
✓ t_08478fcc  done      builder               [tool_price_oracle] Build: Tool Price Oracle
quota probe: "content" (OK)
=== 2026-08-23T07:58:53Z ===
Board: unbundled (19 other boards — `hermes kanban boards list`)

✓ t_0d668f8d  done      builder               [email_verify_arbitrage] Build: Email Verify Price Arbitrage
✓ t_08478fcc  done      builder               [tool_price_oracle] Build: Tool Price Oracle
quota probe: "content" (OK)
=== 2026-08-23T08:01:00Z ===
Board: unbundled (19 other boards — `hermes kanban boards list`)

✓ t_0d668f8d  done      builder               [email_verify_arbitrage] Build: Email Verify Price Arbitrage
✓ t_08478fcc  done      builder               [tool_price_oracle] Build: Tool Price Oracle
quota probe: "content" (OK)
=== 2026-08-23T08:03:04Z ===
Board: unbundled (19 other boards — `hermes kanban boards list`)

✓ t_0d668f8d  done      builder               [email_verify_arbitrage] Build: Email Verify Price Arbitrage
✓ t_08478fcc  done      builder               [tool_price_oracle] Build: Tool Price Oracle
quota probe: no-response (LIMITED)
=== 2026-08-23T08:05:17Z ===
Board: unbundled (19 other boards — `hermes kanban boards list`)

✓ t_0d668f8d  done      builder               [email_verify_arbitrage] Build: Email Verify Price Arbitrage
✓ t_08478fcc  done      builder               [tool_price_oracle] Build: Tool Price Oracle
quota probe: "content" (OK)
=== 2026-08-23T08:07:21Z ===
Board: unbundled (19 other boards — `hermes kanban boards list`)

✓ t_0d668f8d  done      builder               [email_verify_arbitrage] Build: Email Verify Price Arbitrage
✓ t_08478fcc  done      builder               [tool_price_oracle] Build: Tool Price Oracle
quota probe: "content" (OK)
=== 2026-08-23T08:09:32Z ===
Board: unbundled (19 other boards — `hermes kanban boards list`)

✓ t_0d668f8d  done      builder               [email_verify_arbitrage] Build: Email Verify Price Arbitrage
✓ t_08478fcc  done      builder               [tool_price_oracle] Build: Tool Price Oracle
quota probe: "content" (OK)
=== 2026-08-23T08:11:34Z ===
Board: unbundled (19 other boards — `hermes kanban boards list`)

✓ t_0d668f8d  done      builder               [email_verify_arbitrage] Build: Email Verify Price Arbitrage
✓ t_08478fcc  done      builder               [tool_price_oracle] Build: Tool Price Oracle
quota probe: "content" (OK)
=== 2026-08-23T08:13:42Z ===
Board: unbundled (19 other boards — `hermes kanban boards list`)

✓ t_0d668f8d  done      builder               [email_verify_arbitrage] Build: Email Verify Price Arbitrage
✓ t_08478fcc  done      builder               [tool_price_oracle] Build: Tool Price Oracle
quota probe: "content" (OK)
=== 2026-08-23T08:15:47Z ===
Board: unbundled (19 other boards — `hermes kanban boards list`)

✓ t_0d668f8d  done      builder               [email_verify_arbitrage] Build: Email Verify Price Arbitrage
✓ t_08478fcc  done      builder               [tool_price_oracle] Build: Tool Price Oracle
quota probe: "content" (OK)
=== 2026-08-23T08:17:49Z ===
Board: unbundled (19 other boards — `hermes kanban boards list`)

✓ t_0d668f8d  done      builder               [email_verify_arbitrage] Build: Email Verify Price Arbitrage
✓ t_08478fcc  done      builder               [tool_price_oracle] Build: Tool Price Oracle
quota probe: "content" (OK)
=== 2026-08-23T08:19:52Z ===
Board: unbundled (19 other boards — `hermes kanban boards list`)

✓ t_0d668f8d  done      builder               [email_verify_arbitrage] Build: Email Verify Price Arbitrage
✓ t_08478fcc  done      builder               [tool_price_oracle] Build: Tool Price Oracle
quota probe: "content" (OK)
=== 2026-08-23T08:21:56Z ===
Board: unbundled (19 other boards — `hermes kanban boards list`)

✓ t_0d668f8d  done      builder               [email_verify_arbitrage] Build: Email Verify Price Arbitrage
✓ t_08478fcc  done      builder               [tool_price_oracle] Build: Tool Price Oracle
quota probe: "content" (OK)
=== 2026-08-23T08:24:01Z ===
Board: unbundled (19 other boards — `hermes kanban boards list`)

✓ t_0d668f8d  done      builder               [email_verify_arbitrage] Build: Email Verify Price Arbitrage
✓ t_08478fcc  done      builder               [tool_price_oracle] Build: Tool Price Oracle
quota probe: "content" (OK)
=== 2026-08-23T08:26:12Z ===
Board: unbundled (19 other boards — `hermes kanban boards list`)

✓ t_0d668f8d  done      builder               [email_verify_arbitrage] Build: Email Verify Price Arbitrage
✓ t_08478fcc  done      builder               [tool_price_oracle] Build: Tool Price Oracle
quota probe: "content" (OK)
=== 2026-08-23T08:28:14Z ===
Board: unbundled (19 other boards — `hermes kanban boards list`)

✓ t_0d668f8d  done      builder               [email_verify_arbitrage] Build: Email Verify Price Arbitrage
✓ t_08478fcc  done      builder               [tool_price_oracle] Build: Tool Price Oracle
quota probe: "content" (OK)
=== 2026-08-23T08:30:17Z ===
Board: unbundled (19 other boards — `hermes kanban boards list`)

✓ t_0d668f8d  done      builder               [email_verify_arbitrage] Build: Email Verify Price Arbitrage
✓ t_08478fcc  done      builder               [tool_price_oracle] Build: Tool Price Oracle
quota probe: "content" (OK)
=== 2026-08-23T08:32:24Z ===
Board: unbundled (19 other boards — `hermes kanban boards list`)

✓ t_0d668f8d  done      builder               [email_verify_arbitrage] Build: Email Verify Price Arbitrage
✓ t_08478fcc  done      builder               [tool_price_oracle] Build: Tool Price Oracle
quota probe: "content" (OK)
=== 2026-08-23T08:34:26Z ===
Board: unbundled (19 other boards — `hermes kanban boards list`)

✓ t_0d668f8d  done      builder               [email_verify_arbitrage] Build: Email Verify Price Arbitrage
✓ t_08478fcc  done      builder               [tool_price_oracle] Build: Tool Price Oracle
quota probe: "content" (OK)
=== 2026-08-23T08:36:28Z ===
Board: unbundled (19 other boards — `hermes kanban boards list`)

✓ t_0d668f8d  done      builder               [email_verify_arbitrage] Build: Email Verify Price Arbitrage
✓ t_08478fcc  done      builder               [tool_price_oracle] Build: Tool Price Oracle
quota probe: "content" (OK)
=== 2026-08-23T08:38:30Z ===
Board: unbundled (19 other boards — `hermes kanban boards list`)

✓ t_0d668f8d  done      builder               [email_verify_arbitrage] Build: Email Verify Price Arbitrage
✓ t_08478fcc  done      builder               [tool_price_oracle] Build: Tool Price Oracle
quota probe: "content" (OK)
=== 2026-08-23T08:40:32Z ===
Board: unbundled (19 other boards — `hermes kanban boards list`)

✓ t_0d668f8d  done      builder               [email_verify_arbitrage] Build: Email Verify Price Arbitrage
✓ t_08478fcc  done      builder               [tool_price_oracle] Build: Tool Price Oracle
quota probe: "content" (OK)
=== 2026-08-23T08:42:34Z ===
Board: unbundled (19 other boards — `hermes kanban boards list`)

✓ t_0d668f8d  done      builder               [email_verify_arbitrage] Build: Email Verify Price Arbitrage
✓ t_08478fcc  done      builder               [tool_price_oracle] Build: Tool Price Oracle
quota probe: "content" (OK)
=== 2026-08-23T08:44:36Z ===
Board: unbundled (19 other boards — `hermes kanban boards list`)

✓ t_0d668f8d  done      builder               [email_verify_arbitrage] Build: Email Verify Price Arbitrage
✓ t_08478fcc  done      builder               [tool_price_oracle] Build: Tool Price Oracle
quota probe: "content" (OK)
=== 2026-08-23T08:46:38Z ===
Board: unbundled (19 other boards — `hermes kanban boards list`)

✓ t_0d668f8d  done      builder               [email_verify_arbitrage] Build: Email Verify Price Arbitrage
✓ t_08478fcc  done      builder               [tool_price_oracle] Build: Tool Price Oracle
quota probe: "content" (OK)
=== 2026-08-23T08:48:40Z ===
Board: unbundled (19 other boards — `hermes kanban boards list`)

✓ t_0d668f8d  done      builder               [email_verify_arbitrage] Build: Email Verify Price Arbitrage
✓ t_08478fcc  done      builder               [tool_price_oracle] Build: Tool Price Oracle
quota probe: "content" (OK)
=== 2026-08-23T08:50:42Z ===
Board: unbundled (19 other boards — `hermes kanban boards list`)

✓ t_0d668f8d  done      builder               [email_verify_arbitrage] Build: Email Verify Price Arbitrage
✓ t_08478fcc  done      builder               [tool_price_oracle] Build: Tool Price Oracle
quota probe: "content" (OK)
=== 2026-08-23T08:52:44Z ===
Board: unbundled (19 other boards — `hermes kanban boards list`)

✓ t_0d668f8d  done      builder               [email_verify_arbitrage] Build: Email Verify Price Arbitrage
✓ t_08478fcc  done      builder               [tool_price_oracle] Build: Tool Price Oracle
quota probe: "content" (OK)
=== 2026-08-23T08:54:46Z ===
Board: unbundled (19 other boards — `hermes kanban boards list`)

✓ t_0d668f8d  done      builder               [email_verify_arbitrage] Build: Email Verify Price Arbitrage
✓ t_08478fcc  done      builder               [tool_price_oracle] Build: Tool Price Oracle
quota probe: "content" (OK)
=== 2026-08-23T08:56:48Z ===
Board: unbundled (19 other boards — `hermes kanban boards list`)

✓ t_0d668f8d  done      builder               [email_verify_arbitrage] Build: Email Verify Price Arbitrage
✓ t_08478fcc  done      builder               [tool_price_oracle] Build: Tool Price Oracle
quota probe: "content" (OK)
=== 2026-08-23T08:58:50Z ===
Board: unbundled (19 other boards — `hermes kanban boards list`)

✓ t_0d668f8d  done      builder               [email_verify_arbitrage] Build: Email Verify Price Arbitrage
✓ t_08478fcc  done      builder               [tool_price_oracle] Build: Tool Price Oracle
quota probe: "content" (OK)
=== 2026-08-23T09:00:51Z ===
Board: unbundled (19 other boards — `hermes kanban boards list`)

✓ t_0d668f8d  done      builder               [email_verify_arbitrage] Build: Email Verify Price Arbitrage
✓ t_08478fcc  done      builder               [tool_price_oracle] Build: Tool Price Oracle
quota probe: "content" (OK)
=== 2026-08-23T09:02:54Z ===
Board: unbundled (19 other boards — `hermes kanban boards list`)

✓ t_0d668f8d  done      builder               [email_verify_arbitrage] Build: Email Verify Price Arbitrage
✓ t_08478fcc  done      builder               [tool_price_oracle] Build: Tool Price Oracle
quota probe: "content" (OK)
=== 2026-08-23T09:04:56Z ===
Board: unbundled (19 other boards — `hermes kanban boards list`)

✓ t_0d668f8d  done      builder               [email_verify_arbitrage] Build: Email Verify Price Arbitrage
✓ t_08478fcc  done      builder               [tool_price_oracle] Build: Tool Price Oracle
quota probe: "content" (OK)
=== 2026-08-23T09:06:58Z ===
Board: unbundled (19 other boards — `hermes kanban boards list`)

✓ t_0d668f8d  done      builder               [email_verify_arbitrage] Build: Email Verify Price Arbitrage
✓ t_08478fcc  done      builder               [tool_price_oracle] Build: Tool Price Oracle
quota probe: "content" (OK)
=== 2026-08-23T09:09:00Z ===
Board: unbundled (19 other boards — `hermes kanban boards list`)

✓ t_0d668f8d  done      builder               [email_verify_arbitrage] Build: Email Verify Price Arbitrage
✓ t_08478fcc  done      builder               [tool_price_oracle] Build: Tool Price Oracle
quota probe: "content" (OK)
=== 2026-08-23T09:11:02Z ===
Board: unbundled (19 other boards — `hermes kanban boards list`)

✓ t_0d668f8d  done      builder               [email_verify_arbitrage] Build: Email Verify Price Arbitrage
✓ t_08478fcc  done      builder               [tool_price_oracle] Build: Tool Price Oracle
quota probe: "content" (OK)
=== 2026-08-23T09:13:04Z ===
Board: unbundled (19 other boards — `hermes kanban boards list`)

✓ t_0d668f8d  done      builder               [email_verify_arbitrage] Build: Email Verify Price Arbitrage
✓ t_08478fcc  done      builder               [tool_price_oracle] Build: Tool Price Oracle
quota probe: "content" (OK)
=== 2026-08-23T09:15:06Z ===
Board: unbundled (19 other boards — `hermes kanban boards list`)

✓ t_0d668f8d  done      builder               [email_verify_arbitrage] Build: Email Verify Price Arbitrage
✓ t_08478fcc  done      builder               [tool_price_oracle] Build: Tool Price Oracle
quota probe: "content" (OK)
=== 2026-08-23T09:17:09Z ===
Board: unbundled (19 other boards — `hermes kanban boards list`)

✓ t_0d668f8d  done      builder               [email_verify_arbitrage] Build: Email Verify Price Arbitrage
✓ t_08478fcc  done      builder               [tool_price_oracle] Build: Tool Price Oracle
quota probe: "content" (OK)
=== 2026-08-23T09:19:11Z ===
Board: unbundled (19 other boards — `hermes kanban boards list`)

✓ t_0d668f8d  done      builder               [email_verify_arbitrage] Build: Email Verify Price Arbitrage
✓ t_08478fcc  done      builder               [tool_price_oracle] Build: Tool Price Oracle
quota probe: "content" (OK)
=== 2026-08-23T09:21:14Z ===
Board: unbundled (19 other boards — `hermes kanban boards list`)

✓ t_0d668f8d  done      builder               [email_verify_arbitrage] Build: Email Verify Price Arbitrage
✓ t_08478fcc  done      builder               [tool_price_oracle] Build: Tool Price Oracle
quota probe: "content" (OK)
=== 2026-08-23T09:23:16Z ===
Board: unbundled (19 other boards — `hermes kanban boards list`)

✓ t_0d668f8d  done      builder               [email_verify_arbitrage] Build: Email Verify Price Arbitrage
✓ t_08478fcc  done      builder               [tool_price_oracle] Build: Tool Price Oracle
quota probe: "content" (OK)
=== 2026-08-23T09:25:18Z ===
Board: unbundled (19 other boards — `hermes kanban boards list`)

✓ t_0d668f8d  done      builder               [email_verify_arbitrage] Build: Email Verify Price Arbitrage
✓ t_08478fcc  done      builder               [tool_price_oracle] Build: Tool Price Oracle
quota probe: no-response (LIMITED)
=== 2026-08-23T09:27:30Z ===
Board: unbundled (19 other boards — `hermes kanban boards list`)

✓ t_0d668f8d  done      builder               [email_verify_arbitrage] Build: Email Verify Price Arbitrage
✓ t_08478fcc  done      builder               [tool_price_oracle] Build: Tool Price Oracle
quota probe: "content" (OK)
=== 2026-08-23T09:29:32Z ===
Board: unbundled (19 other boards — `hermes kanban boards list`)

✓ t_0d668f8d  done      builder               [email_verify_arbitrage] Build: Email Verify Price Arbitrage
✓ t_08478fcc  done      builder               [tool_price_oracle] Build: Tool Price Oracle
quota probe: "content" (OK)
=== 2026-08-23T09:31:34Z ===
Board: unbundled (19 other boards — `hermes kanban boards list`)

✓ t_0d668f8d  done      builder               [email_verify_arbitrage] Build: Email Verify Price Arbitrage
✓ t_08478fcc  done      builder               [tool_price_oracle] Build: Tool Price Oracle
quota probe: "content" (OK)
=== 2026-08-23T09:33:36Z ===
Board: unbundled (19 other boards — `hermes kanban boards list`)

✓ t_0d668f8d  done      builder               [email_verify_arbitrage] Build: Email Verify Price Arbitrage
✓ t_08478fcc  done      builder               [tool_price_oracle] Build: Tool Price Oracle
quota probe: "content" (OK)
=== 2026-08-23T09:35:42Z ===
Board: unbundled (19 other boards — `hermes kanban boards list`)

✓ t_0d668f8d  done      builder               [email_verify_arbitrage] Build: Email Verify Price Arbitrage
✓ t_08478fcc  done      builder               [tool_price_oracle] Build: Tool Price Oracle
quota probe: "content" (OK)
=== 2026-08-23T09:37:44Z ===
Board: unbundled (19 other boards — `hermes kanban boards list`)

✓ t_0d668f8d  done      builder               [email_verify_arbitrage] Build: Email Verify Price Arbitrage
✓ t_08478fcc  done      builder               [tool_price_oracle] Build: Tool Price Oracle
quota probe: "content" (OK)
=== 2026-08-23T09:39:46Z ===
Board: unbundled (19 other boards — `hermes kanban boards list`)

✓ t_0d668f8d  done      builder               [email_verify_arbitrage] Build: Email Verify Price Arbitrage
✓ t_08478fcc  done      builder               [tool_price_oracle] Build: Tool Price Oracle
quota probe: "content" (OK)
=== 2026-08-23T09:41:49Z ===
Board: unbundled (19 other boards — `hermes kanban boards list`)

✓ t_0d668f8d  done      builder               [email_verify_arbitrage] Build: Email Verify Price Arbitrage
✓ t_08478fcc  done      builder               [tool_price_oracle] Build: Tool Price Oracle
quota probe: "content" (OK)
=== 2026-08-23T09:43:51Z ===
Board: unbundled (19 other boards — `hermes kanban boards list`)

✓ t_0d668f8d  done      builder               [email_verify_arbitrage] Build: Email Verify Price Arbitrage
✓ t_08478fcc  done      builder               [tool_price_oracle] Build: Tool Price Oracle
quota probe: "content" (OK)
=== 2026-08-23T09:45:53Z ===
Board: unbundled (19 other boards — `hermes kanban boards list`)

✓ t_0d668f8d  done      builder               [email_verify_arbitrage] Build: Email Verify Price Arbitrage
✓ t_08478fcc  done      builder               [tool_price_oracle] Build: Tool Price Oracle
quota probe: no-response (LIMITED)
=== 2026-08-23T09:48:06Z ===
Board: unbundled (19 other boards — `hermes kanban boards list`)

✓ t_0d668f8d  done      builder               [email_verify_arbitrage] Build: Email Verify Price Arbitrage
✓ t_08478fcc  done      builder               [tool_price_oracle] Build: Tool Price Oracle
quota probe: no-response (LIMITED)
=== 2026-08-23T09:50:18Z ===
Board: unbundled (19 other boards — `hermes kanban boards list`)

✓ t_0d668f8d  done      builder               [email_verify_arbitrage] Build: Email Verify Price Arbitrage
✓ t_08478fcc  done      builder               [tool_price_oracle] Build: Tool Price Oracle
quota probe: "content" (OK)
=== 2026-08-23T09:52:20Z ===
Board: unbundled (19 other boards — `hermes kanban boards list`)

✓ t_0d668f8d  done      builder               [email_verify_arbitrage] Build: Email Verify Price Arbitrage
✓ t_08478fcc  done      builder               [tool_price_oracle] Build: Tool Price Oracle
quota probe: "content" (OK)
=== 2026-08-23T09:54:22Z ===
Board: unbundled (19 other boards — `hermes kanban boards list`)

✓ t_0d668f8d  done      builder               [email_verify_arbitrage] Build: Email Verify Price Arbitrage
✓ t_08478fcc  done      builder               [tool_price_oracle] Build: Tool Price Oracle
quota probe: "content" (OK)
=== 2026-08-23T09:56:24Z ===
Board: unbundled (19 other boards — `hermes kanban boards list`)

✓ t_0d668f8d  done      builder               [email_verify_arbitrage] Build: Email Verify Price Arbitrage
✓ t_08478fcc  done      builder               [tool_price_oracle] Build: Tool Price Oracle
quota probe: "content" (OK)
=== 2026-08-23T09:58:26Z ===
Board: unbundled (19 other boards — `hermes kanban boards list`)

✓ t_0d668f8d  done      builder               [email_verify_arbitrage] Build: Email Verify Price Arbitrage
✓ t_08478fcc  done      builder               [tool_price_oracle] Build: Tool Price Oracle
quota probe: "content" (OK)
=== 2026-08-23T10:00:28Z ===
Board: unbundled (19 other boards — `hermes kanban boards list`)

✓ t_0d668f8d  done      builder               [email_verify_arbitrage] Build: Email Verify Price Arbitrage
✓ t_08478fcc  done      builder               [tool_price_oracle] Build: Tool Price Oracle
quota probe: "content" (OK)
=== 2026-08-23T10:02:30Z ===
Board: unbundled (19 other boards — `hermes kanban boards list`)

✓ t_0d668f8d  done      builder               [email_verify_arbitrage] Build: Email Verify Price Arbitrage
✓ t_08478fcc  done      builder               [tool_price_oracle] Build: Tool Price Oracle
quota probe: "content" (OK)
=== 2026-08-23T10:04:32Z ===
Board: unbundled (19 other boards — `hermes kanban boards list`)

✓ t_0d668f8d  done      builder               [email_verify_arbitrage] Build: Email Verify Price Arbitrage
✓ t_08478fcc  done      builder               [tool_price_oracle] Build: Tool Price Oracle
quota probe: "content" (OK)
=== 2026-08-23T10:06:34Z ===
Board: unbundled (19 other boards — `hermes kanban boards list`)

✓ t_0d668f8d  done      builder               [email_verify_arbitrage] Build: Email Verify Price Arbitrage
✓ t_08478fcc  done      builder               [tool_price_oracle] Build: Tool Price Oracle
quota probe: "content" (OK)
=== 2026-08-23T10:08:37Z ===
Board: unbundled (19 other boards — `hermes kanban boards list`)

✓ t_0d668f8d  done      builder               [email_verify_arbitrage] Build: Email Verify Price Arbitrage
✓ t_08478fcc  done      builder               [tool_price_oracle] Build: Tool Price Oracle
quota probe: "content" (OK)
=== 2026-08-23T10:10:47Z ===
Board: unbundled (19 other boards — `hermes kanban boards list`)

✓ t_0d668f8d  done      builder               [email_verify_arbitrage] Build: Email Verify Price Arbitrage
✓ t_08478fcc  done      builder               [tool_price_oracle] Build: Tool Price Oracle
quota probe: "content" (OK)
=== 2026-08-23T10:12:49Z ===
Board: unbundled (19 other boards — `hermes kanban boards list`)

✓ t_0d668f8d  done      builder               [email_verify_arbitrage] Build: Email Verify Price Arbitrage
✓ t_08478fcc  done      builder               [tool_price_oracle] Build: Tool Price Oracle
quota probe: "content" (OK)
=== 2026-08-23T10:14:51Z ===
Board: unbundled (19 other boards — `hermes kanban boards list`)

✓ t_0d668f8d  done      builder               [email_verify_arbitrage] Build: Email Verify Price Arbitrage
✓ t_08478fcc  done      builder               [tool_price_oracle] Build: Tool Price Oracle
quota probe: "content" (OK)
=== 2026-08-23T10:16:53Z ===
Board: unbundled (19 other boards — `hermes kanban boards list`)

✓ t_0d668f8d  done      builder               [email_verify_arbitrage] Build: Email Verify Price Arbitrage
✓ t_08478fcc  done      builder               [tool_price_oracle] Build: Tool Price Oracle
quota probe: "content" (OK)
=== 2026-08-23T10:18:56Z ===
Board: unbundled (19 other boards — `hermes kanban boards list`)

✓ t_0d668f8d  done      builder               [email_verify_arbitrage] Build: Email Verify Price Arbitrage
✓ t_08478fcc  done      builder               [tool_price_oracle] Build: Tool Price Oracle
quota probe: "content" (OK)
=== 2026-08-23T10:20:58Z ===
Board: unbundled (19 other boards — `hermes kanban boards list`)

✓ t_0d668f8d  done      builder               [email_verify_arbitrage] Build: Email Verify Price Arbitrage
✓ t_08478fcc  done      builder               [tool_price_oracle] Build: Tool Price Oracle
quota probe: "content" (OK)
=== 2026-08-23T10:23:05Z ===
Board: unbundled (19 other boards — `hermes kanban boards list`)

✓ t_0d668f8d  done      builder               [email_verify_arbitrage] Build: Email Verify Price Arbitrage
✓ t_08478fcc  done      builder               [tool_price_oracle] Build: Tool Price Oracle
quota probe: no-response (LIMITED)
=== 2026-08-23T10:25:17Z ===
Board: unbundled (19 other boards — `hermes kanban boards list`)

✓ t_0d668f8d  done      builder               [email_verify_arbitrage] Build: Email Verify Price Arbitrage
✓ t_08478fcc  done      builder               [tool_price_oracle] Build: Tool Price Oracle
quota probe: "content" (OK)
=== 2026-08-23T10:27:20Z ===
Board: unbundled (19 other boards — `hermes kanban boards list`)

✓ t_0d668f8d  done      builder               [email_verify_arbitrage] Build: Email Verify Price Arbitrage
✓ t_08478fcc  done      builder               [tool_price_oracle] Build: Tool Price Oracle
quota probe: "content" (OK)
=== 2026-08-23T10:29:22Z ===
Board: unbundled (19 other boards — `hermes kanban boards list`)

✓ t_0d668f8d  done      builder               [email_verify_arbitrage] Build: Email Verify Price Arbitrage
✓ t_08478fcc  done      builder               [tool_price_oracle] Build: Tool Price Oracle
quota probe: no-response (LIMITED)
=== 2026-08-23T10:31:34Z ===
Board: unbundled (19 other boards — `hermes kanban boards list`)

✓ t_0d668f8d  done      builder               [email_verify_arbitrage] Build: Email Verify Price Arbitrage
✓ t_08478fcc  done      builder               [tool_price_oracle] Build: Tool Price Oracle
quota probe: "content" (OK)
=== 2026-08-23T10:33:40Z ===
Board: unbundled (19 other boards — `hermes kanban boards list`)

✓ t_0d668f8d  done      builder               [email_verify_arbitrage] Build: Email Verify Price Arbitrage
✓ t_08478fcc  done      builder               [tool_price_oracle] Build: Tool Price Oracle
quota probe: no-response (LIMITED)
=== 2026-08-23T10:35:52Z ===
Board: unbundled (19 other boards — `hermes kanban boards list`)

✓ t_0d668f8d  done      builder               [email_verify_arbitrage] Build: Email Verify Price Arbitrage
✓ t_08478fcc  done      builder               [tool_price_oracle] Build: Tool Price Oracle
quota probe: "content" (OK)
=== 2026-08-23T10:37:54Z ===
Board: unbundled (19 other boards — `hermes kanban boards list`)

✓ t_0d668f8d  done      builder               [email_verify_arbitrage] Build: Email Verify Price Arbitrage
✓ t_08478fcc  done      builder               [tool_price_oracle] Build: Tool Price Oracle
quota probe: "content" (OK)
=== 2026-08-23T10:39:57Z ===
Board: unbundled (19 other boards — `hermes kanban boards list`)

✓ t_0d668f8d  done      builder               [email_verify_arbitrage] Build: Email Verify Price Arbitrage
✓ t_08478fcc  done      builder               [tool_price_oracle] Build: Tool Price Oracle
quota probe: "content" (OK)
=== 2026-08-23T10:41:59Z ===
Board: unbundled (19 other boards — `hermes kanban boards list`)

✓ t_0d668f8d  done      builder               [email_verify_arbitrage] Build: Email Verify Price Arbitrage
✓ t_08478fcc  done      builder               [tool_price_oracle] Build: Tool Price Oracle
quota probe: "content" (OK)
=== 2026-08-23T10:44:02Z ===
Board: unbundled (19 other boards — `hermes kanban boards list`)

✓ t_0d668f8d  done      builder               [email_verify_arbitrage] Build: Email Verify Price Arbitrage
✓ t_08478fcc  done      builder               [tool_price_oracle] Build: Tool Price Oracle
quota probe: "content" (OK)
=== 2026-08-23T10:46:05Z ===
Board: unbundled (19 other boards — `hermes kanban boards list`)

✓ t_0d668f8d  done      builder               [email_verify_arbitrage] Build: Email Verify Price Arbitrage
✓ t_08478fcc  done      builder               [tool_price_oracle] Build: Tool Price Oracle
quota probe: "content" (OK)
=== 2026-08-23T10:48:07Z ===
Board: unbundled (19 other boards — `hermes kanban boards list`)

✓ t_0d668f8d  done      builder               [email_verify_arbitrage] Build: Email Verify Price Arbitrage
✓ t_08478fcc  done      builder               [tool_price_oracle] Build: Tool Price Oracle
quota probe: "content" (OK)
=== 2026-08-23T10:50:09Z ===
Board: unbundled (19 other boards — `hermes kanban boards list`)

✓ t_0d668f8d  done      builder               [email_verify_arbitrage] Build: Email Verify Price Arbitrage
✓ t_08478fcc  done      builder               [tool_price_oracle] Build: Tool Price Oracle
quota probe: "content" (OK)
=== 2026-08-23T10:52:11Z ===
Board: unbundled (19 other boards — `hermes kanban boards list`)

✓ t_0d668f8d  done      builder               [email_verify_arbitrage] Build: Email Verify Price Arbitrage
✓ t_08478fcc  done      builder               [tool_price_oracle] Build: Tool Price Oracle
quota probe: "content" (OK)
=== 2026-08-23T10:54:14Z ===
Board: unbundled (19 other boards — `hermes kanban boards list`)

✓ t_0d668f8d  done      builder               [email_verify_arbitrage] Build: Email Verify Price Arbitrage
✓ t_08478fcc  done      builder               [tool_price_oracle] Build: Tool Price Oracle
quota probe: no-response (LIMITED)
=== 2026-08-23T10:56:26Z ===
Board: unbundled (19 other boards — `hermes kanban boards list`)

✓ t_0d668f8d  done      builder               [email_verify_arbitrage] Build: Email Verify Price Arbitrage
✓ t_08478fcc  done      builder               [tool_price_oracle] Build: Tool Price Oracle
quota probe: no-response (LIMITED)
=== 2026-08-23T10:58:39Z ===
Board: unbundled (19 other boards — `hermes kanban boards list`)

✓ t_0d668f8d  done      builder               [email_verify_arbitrage] Build: Email Verify Price Arbitrage
✓ t_08478fcc  done      builder               [tool_price_oracle] Build: Tool Price Oracle
quota probe: no-response (LIMITED)
=== 2026-08-23T11:00:51Z ===
Board: unbundled (19 other boards — `hermes kanban boards list`)

✓ t_0d668f8d  done      builder               [email_verify_arbitrage] Build: Email Verify Price Arbitrage
✓ t_08478fcc  done      builder               [tool_price_oracle] Build: Tool Price Oracle
quota probe: no-response (LIMITED)
=== 2026-08-23T11:03:04Z ===
Board: unbundled (19 other boards — `hermes kanban boards list`)

✓ t_0d668f8d  done      builder               [email_verify_arbitrage] Build: Email Verify Price Arbitrage
✓ t_08478fcc  done      builder               [tool_price_oracle] Build: Tool Price Oracle
quota probe: no-response (LIMITED)
=== 2026-08-23T11:05:16Z ===
Board: unbundled (19 other boards — `hermes kanban boards list`)

✓ t_0d668f8d  done      builder               [email_verify_arbitrage] Build: Email Verify Price Arbitrage
✓ t_08478fcc  done      builder               [tool_price_oracle] Build: Tool Price Oracle
quota probe: "content" (OK)
=== 2026-08-23T11:07:21Z ===
Board: unbundled (19 other boards — `hermes kanban boards list`)

✓ t_0d668f8d  done      builder               [email_verify_arbitrage] Build: Email Verify Price Arbitrage
✓ t_08478fcc  done      builder               [tool_price_oracle] Build: Tool Price Oracle
quota probe: no-response (LIMITED)
=== 2026-08-23T11:09:33Z ===
Board: unbundled (19 other boards — `hermes kanban boards list`)

✓ t_0d668f8d  done      builder               [email_verify_arbitrage] Build: Email Verify Price Arbitrage
✓ t_08478fcc  done      builder               [tool_price_oracle] Build: Tool Price Oracle
quota probe: "content" (OK)
=== 2026-08-23T11:11:36Z ===
Board: unbundled (19 other boards — `hermes kanban boards list`)

✓ t_0d668f8d  done      builder               [email_verify_arbitrage] Build: Email Verify Price Arbitrage
✓ t_08478fcc  done      builder               [tool_price_oracle] Build: Tool Price Oracle
quota probe: "content" (OK)
=== 2026-08-23T11:13:38Z ===
Board: unbundled (19 other boards — `hermes kanban boards list`)

✓ t_0d668f8d  done      builder               [email_verify_arbitrage] Build: Email Verify Price Arbitrage
✓ t_08478fcc  done      builder               [tool_price_oracle] Build: Tool Price Oracle
quota probe: "content" (OK)
=== 2026-08-23T11:15:40Z ===
Board: unbundled (19 other boards — `hermes kanban boards list`)

✓ t_0d668f8d  done      builder               [email_verify_arbitrage] Build: Email Verify Price Arbitrage
✓ t_08478fcc  done      builder               [tool_price_oracle] Build: Tool Price Oracle
quota probe: "content" (OK)
=== 2026-08-23T11:17:43Z ===
Board: unbundled (19 other boards — `hermes kanban boards list`)

✓ t_0d668f8d  done      builder               [email_verify_arbitrage] Build: Email Verify Price Arbitrage
✓ t_08478fcc  done      builder               [tool_price_oracle] Build: Tool Price Oracle
quota probe: no-response (LIMITED)
=== 2026-08-23T11:19:55Z ===
Board: unbundled (19 other boards — `hermes kanban boards list`)

✓ t_0d668f8d  done      builder               [email_verify_arbitrage] Build: Email Verify Price Arbitrage
✓ t_08478fcc  done      builder               [tool_price_oracle] Build: Tool Price Oracle
quota probe: no-response (LIMITED)
=== 2026-08-23T11:22:08Z ===
Board: unbundled (19 other boards — `hermes kanban boards list`)

✓ t_0d668f8d  done      builder               [email_verify_arbitrage] Build: Email Verify Price Arbitrage
✓ t_08478fcc  done      builder               [tool_price_oracle] Build: Tool Price Oracle
quota probe: "content" (OK)
=== 2026-08-23T11:24:19Z ===
Board: unbundled (19 other boards — `hermes kanban boards list`)

✓ t_0d668f8d  done      builder               [email_verify_arbitrage] Build: Email Verify Price Arbitrage
✓ t_08478fcc  done      builder               [tool_price_oracle] Build: Tool Price Oracle
quota probe: "content" (OK)
=== 2026-08-23T11:26:31Z ===
Board: unbundled (19 other boards — `hermes kanban boards list`)

✓ t_0d668f8d  done      builder               [email_verify_arbitrage] Build: Email Verify Price Arbitrage
✓ t_08478fcc  done      builder               [tool_price_oracle] Build: Tool Price Oracle
quota probe: "content" (OK)
=== 2026-08-23T11:28:35Z ===
Board: unbundled (19 other boards — `hermes kanban boards list`)

✓ t_0d668f8d  done      builder               [email_verify_arbitrage] Build: Email Verify Price Arbitrage
✓ t_08478fcc  done      builder               [tool_price_oracle] Build: Tool Price Oracle
quota probe: "content" (OK)
=== 2026-08-23T11:30:37Z ===
Board: unbundled (19 other boards — `hermes kanban boards list`)

✓ t_0d668f8d  done      builder               [email_verify_arbitrage] Build: Email Verify Price Arbitrage
✓ t_08478fcc  done      builder               [tool_price_oracle] Build: Tool Price Oracle
quota probe: no-response (LIMITED)
=== 2026-08-23T11:32:38Z ===
Board: unbundled (19 other boards — `hermes kanban boards list`)

✓ t_0d668f8d  done      builder               [email_verify_arbitrage] Build: Email Verify Price Arbitrage
✓ t_08478fcc  done      builder               [tool_price_oracle] Build: Tool Price Oracle
quota probe: no-response (LIMITED)
=== 2026-08-23T11:34:51Z ===
Board: unbundled (19 other boards — `hermes kanban boards list`)

✓ t_0d668f8d  done      builder               [email_verify_arbitrage] Build: Email Verify Price Arbitrage
✓ t_08478fcc  done      builder               [tool_price_oracle] Build: Tool Price Oracle
quota probe: no-response (LIMITED)
=== 2026-08-23T11:36:52Z ===
Board: unbundled (19 other boards — `hermes kanban boards list`)

✓ t_0d668f8d  done      builder               [email_verify_arbitrage] Build: Email Verify Price Arbitrage
✓ t_08478fcc  done      builder               [tool_price_oracle] Build: Tool Price Oracle
quota probe: "content" (OK)
=== 2026-08-23T11:38:54Z ===
Board: unbundled (19 other boards — `hermes kanban boards list`)

✓ t_0d668f8d  done      builder               [email_verify_arbitrage] Build: Email Verify Price Arbitrage
✓ t_08478fcc  done      builder               [tool_price_oracle] Build: Tool Price Oracle
quota probe: no-response (LIMITED)
=== 2026-08-23T11:41:07Z ===
Board: unbundled (19 other boards — `hermes kanban boards list`)

✓ t_0d668f8d  done      builder               [email_verify_arbitrage] Build: Email Verify Price Arbitrage
✓ t_08478fcc  done      builder               [tool_price_oracle] Build: Tool Price Oracle
quota probe: "content" (OK)
=== 2026-08-23T11:43:17Z ===
Board: unbundled (19 other boards — `hermes kanban boards list`)

✓ t_0d668f8d  done      builder               [email_verify_arbitrage] Build: Email Verify Price Arbitrage
✓ t_08478fcc  done      builder               [tool_price_oracle] Build: Tool Price Oracle
quota probe: "content" (OK)
=== 2026-08-23T11:45:20Z ===
Board: unbundled (19 other boards — `hermes kanban boards list`)

✓ t_0d668f8d  done      builder               [email_verify_arbitrage] Build: Email Verify Price Arbitrage
✓ t_08478fcc  done      builder               [tool_price_oracle] Build: Tool Price Oracle
quota probe: "content" (OK)
=== 2026-08-23T11:47:22Z ===
Board: unbundled (19 other boards — `hermes kanban boards list`)

✓ t_0d668f8d  done      builder               [email_verify_arbitrage] Build: Email Verify Price Arbitrage
✓ t_08478fcc  done      builder               [tool_price_oracle] Build: Tool Price Oracle
quota probe: "content" (OK)
=== 2026-08-23T11:49:24Z ===
Board: unbundled (19 other boards — `hermes kanban boards list`)

✓ t_0d668f8d  done      builder               [email_verify_arbitrage] Build: Email Verify Price Arbitrage
✓ t_08478fcc  done      builder               [tool_price_oracle] Build: Tool Price Oracle
quota probe: "content" (OK)
=== 2026-08-23T11:51:26Z ===
Board: unbundled (19 other boards — `hermes kanban boards list`)

✓ t_0d668f8d  done      builder               [email_verify_arbitrage] Build: Email Verify Price Arbitrage
✓ t_08478fcc  done      builder               [tool_price_oracle] Build: Tool Price Oracle
quota probe: "content" (OK)
=== 2026-08-23T11:53:27Z ===
Board: unbundled (19 other boards — `hermes kanban boards list`)

✓ t_0d668f8d  done      builder               [email_verify_arbitrage] Build: Email Verify Price Arbitrage
✓ t_08478fcc  done      builder               [tool_price_oracle] Build: Tool Price Oracle
quota probe: "content" (OK)
=== 2026-08-23T11:55:30Z ===
Board: unbundled (19 other boards — `hermes kanban boards list`)

✓ t_0d668f8d  done      builder               [email_verify_arbitrage] Build: Email Verify Price Arbitrage
✓ t_08478fcc  done      builder               [tool_price_oracle] Build: Tool Price Oracle
quota probe: "content" (OK)
=== 2026-08-23T11:57:32Z ===
Board: unbundled (19 other boards — `hermes kanban boards list`)

✓ t_0d668f8d  done      builder               [email_verify_arbitrage] Build: Email Verify Price Arbitrage
✓ t_08478fcc  done      builder               [tool_price_oracle] Build: Tool Price Oracle
quota probe: "content" (OK)
=== 2026-08-23T11:59:34Z ===
Board: unbundled (19 other boards — `hermes kanban boards list`)

✓ t_0d668f8d  done      builder               [email_verify_arbitrage] Build: Email Verify Price Arbitrage
✓ t_08478fcc  done      builder               [tool_price_oracle] Build: Tool Price Oracle
quota probe: no-response (LIMITED)
=== 2026-08-23T12:01:46Z ===
Board: unbundled (19 other boards — `hermes kanban boards list`)

✓ t_0d668f8d  done      builder               [email_verify_arbitrage] Build: Email Verify Price Arbitrage
✓ t_08478fcc  done      builder               [tool_price_oracle] Build: Tool Price Oracle
quota probe: "content" (OK)
=== 2026-08-23T12:03:55Z ===
Board: unbundled (19 other boards — `hermes kanban boards list`)

✓ t_0d668f8d  done      builder               [email_verify_arbitrage] Build: Email Verify Price Arbitrage
✓ t_08478fcc  done      builder               [tool_price_oracle] Build: Tool Price Oracle
quota probe: "content" (OK)
=== 2026-08-23T12:05:57Z ===
Board: unbundled (19 other boards — `hermes kanban boards list`)

✓ t_0d668f8d  done      builder               [email_verify_arbitrage] Build: Email Verify Price Arbitrage
✓ t_08478fcc  done      builder               [tool_price_oracle] Build: Tool Price Oracle
quota probe: "content" (OK)
=== 2026-08-23T12:08:08Z ===
Board: unbundled (19 other boards — `hermes kanban boards list`)

✓ t_0d668f8d  done      builder               [email_verify_arbitrage] Build: Email Verify Price Arbitrage
✓ t_08478fcc  done      builder               [tool_price_oracle] Build: Tool Price Oracle
quota probe: "content" (OK)
=== 2026-08-23T12:10:19Z ===
Board: unbundled (19 other boards — `hermes kanban boards list`)

✓ t_0d668f8d  done      builder               [email_verify_arbitrage] Build: Email Verify Price Arbitrage
✓ t_08478fcc  done      builder               [tool_price_oracle] Build: Tool Price Oracle
quota probe: "content" (OK)
=== 2026-08-23T12:12:22Z ===
Board: unbundled (19 other boards — `hermes kanban boards list`)

✓ t_0d668f8d  done      builder               [email_verify_arbitrage] Build: Email Verify Price Arbitrage
✓ t_08478fcc  done      builder               [tool_price_oracle] Build: Tool Price Oracle
quota probe: "content" (OK)
=== 2026-08-23T12:14:25Z ===
Board: unbundled (19 other boards — `hermes kanban boards list`)

✓ t_0d668f8d  done      builder               [email_verify_arbitrage] Build: Email Verify Price Arbitrage
✓ t_08478fcc  done      builder               [tool_price_oracle] Build: Tool Price Oracle
quota probe: "content" (OK)
=== 2026-08-23T12:16:28Z ===
Board: unbundled (19 other boards — `hermes kanban boards list`)

✓ t_0d668f8d  done      builder               [email_verify_arbitrage] Build: Email Verify Price Arbitrage
✓ t_08478fcc  done      builder               [tool_price_oracle] Build: Tool Price Oracle
quota probe: "content" (OK)
=== 2026-08-23T12:18:31Z ===
Board: unbundled (19 other boards — `hermes kanban boards list`)

✓ t_0d668f8d  done      builder               [email_verify_arbitrage] Build: Email Verify Price Arbitrage
✓ t_08478fcc  done      builder               [tool_price_oracle] Build: Tool Price Oracle
quota probe: "content" (OK)
=== 2026-08-23T12:20:33Z ===
Board: unbundled (19 other boards — `hermes kanban boards list`)

✓ t_0d668f8d  done      builder               [email_verify_arbitrage] Build: Email Verify Price Arbitrage
✓ t_08478fcc  done      builder               [tool_price_oracle] Build: Tool Price Oracle
quota probe: "content" (OK)
=== 2026-08-23T12:22:37Z ===
Board: unbundled (19 other boards — `hermes kanban boards list`)

✓ t_0d668f8d  done      builder               [email_verify_arbitrage] Build: Email Verify Price Arbitrage
✓ t_08478fcc  done      builder               [tool_price_oracle] Build: Tool Price Oracle
quota probe: "content" (OK)
=== 2026-08-23T12:24:40Z ===
Board: unbundled (19 other boards — `hermes kanban boards list`)

✓ t_0d668f8d  done      builder               [email_verify_arbitrage] Build: Email Verify Price Arbitrage
✓ t_08478fcc  done      builder               [tool_price_oracle] Build: Tool Price Oracle
quota probe: "content" (OK)
=== 2026-08-23T12:26:43Z ===
Board: unbundled (19 other boards — `hermes kanban boards list`)

✓ t_0d668f8d  done      builder               [email_verify_arbitrage] Build: Email Verify Price Arbitrage
✓ t_08478fcc  done      builder               [tool_price_oracle] Build: Tool Price Oracle
quota probe: no-response (LIMITED)
=== 2026-08-23T12:28:56Z ===
Board: unbundled (19 other boards — `hermes kanban boards list`)

✓ t_0d668f8d  done      builder               [email_verify_arbitrage] Build: Email Verify Price Arbitrage
✓ t_08478fcc  done      builder               [tool_price_oracle] Build: Tool Price Oracle
quota probe: no-response (LIMITED)
=== 2026-08-23T12:31:08Z ===
Board: unbundled (19 other boards — `hermes kanban boards list`)

✓ t_0d668f8d  done      builder               [email_verify_arbitrage] Build: Email Verify Price Arbitrage
✓ t_08478fcc  done      builder               [tool_price_oracle] Build: Tool Price Oracle
quota probe: no-response (LIMITED)
=== 2026-08-23T12:33:09Z ===
Board: unbundled (19 other boards — `hermes kanban boards list`)

✓ t_0d668f8d  done      builder               [email_verify_arbitrage] Build: Email Verify Price Arbitrage
✓ t_08478fcc  done      builder               [tool_price_oracle] Build: Tool Price Oracle
quota probe: no-response (LIMITED)
=== 2026-08-23T12:35:11Z ===
Board: unbundled (19 other boards — `hermes kanban boards list`)

✓ t_0d668f8d  done      builder               [email_verify_arbitrage] Build: Email Verify Price Arbitrage
✓ t_08478fcc  done      builder               [tool_price_oracle] Build: Tool Price Oracle
quota probe: no-response (LIMITED)
=== 2026-08-23T12:37:12Z ===
Board: unbundled (19 other boards — `hermes kanban boards list`)

✓ t_0d668f8d  done      builder               [email_verify_arbitrage] Build: Email Verify Price Arbitrage
✓ t_08478fcc  done      builder               [tool_price_oracle] Build: Tool Price Oracle
quota probe: "content" (OK)
=== 2026-08-23T12:39:17Z ===
Board: unbundled (19 other boards — `hermes kanban boards list`)

✓ t_0d668f8d  done      builder               [email_verify_arbitrage] Build: Email Verify Price Arbitrage
✓ t_08478fcc  done      builder               [tool_price_oracle] Build: Tool Price Oracle
quota probe: "content" (OK)
=== 2026-08-23T12:41:28Z ===
Board: unbundled (19 other boards — `hermes kanban boards list`)

✓ t_0d668f8d  done      builder               [email_verify_arbitrage] Build: Email Verify Price Arbitrage
✓ t_08478fcc  done      builder               [tool_price_oracle] Build: Tool Price Oracle
quota probe: "content" (OK)
=== 2026-08-23T12:43:35Z ===
Board: unbundled (19 other boards — `hermes kanban boards list`)

✓ t_0d668f8d  done      builder               [email_verify_arbitrage] Build: Email Verify Price Arbitrage
✓ t_08478fcc  done      builder               [tool_price_oracle] Build: Tool Price Oracle
quota probe: "content" (OK)
=== 2026-08-23T12:45:37Z ===
Board: unbundled (19 other boards — `hermes kanban boards list`)

✓ t_0d668f8d  done      builder               [email_verify_arbitrage] Build: Email Verify Price Arbitrage
✓ t_08478fcc  done      builder               [tool_price_oracle] Build: Tool Price Oracle
quota probe: no-response (LIMITED)
=== 2026-08-23T12:47:49Z ===
Board: unbundled (19 other boards — `hermes kanban boards list`)

✓ t_0d668f8d  done      builder               [email_verify_arbitrage] Build: Email Verify Price Arbitrage
✓ t_08478fcc  done      builder               [tool_price_oracle] Build: Tool Price Oracle
quota probe: no-response (LIMITED)
=== 2026-08-23T12:50:02Z ===
Board: unbundled (19 other boards — `hermes kanban boards list`)

✓ t_0d668f8d  done      builder               [email_verify_arbitrage] Build: Email Verify Price Arbitrage
✓ t_08478fcc  done      builder               [tool_price_oracle] Build: Tool Price Oracle
quota probe: no-response (LIMITED)
=== 2026-08-23T12:52:14Z ===
Board: unbundled (19 other boards — `hermes kanban boards list`)

✓ t_0d668f8d  done      builder               [email_verify_arbitrage] Build: Email Verify Price Arbitrage
✓ t_08478fcc  done      builder               [tool_price_oracle] Build: Tool Price Oracle
quota probe: no-response (LIMITED)
=== 2026-08-23T12:54:27Z ===
Board: unbundled (19 other boards — `hermes kanban boards list`)

✓ t_0d668f8d  done      builder               [email_verify_arbitrage] Build: Email Verify Price Arbitrage
✓ t_08478fcc  done      builder               [tool_price_oracle] Build: Tool Price Oracle
quota probe: no-response (LIMITED)
=== 2026-08-23T12:56:39Z ===
Board: unbundled (19 other boards — `hermes kanban boards list`)

✓ t_0d668f8d  done      builder               [email_verify_arbitrage] Build: Email Verify Price Arbitrage
✓ t_08478fcc  done      builder               [tool_price_oracle] Build: Tool Price Oracle
quota probe: no-response (LIMITED)
=== 2026-08-23T12:58:40Z ===
Board: unbundled (19 other boards — `hermes kanban boards list`)

✓ t_0d668f8d  done      builder               [email_verify_arbitrage] Build: Email Verify Price Arbitrage
✓ t_08478fcc  done      builder               [tool_price_oracle] Build: Tool Price Oracle
quota probe: no-response (LIMITED)
=== 2026-08-23T13:00:41Z ===
Board: unbundled (19 other boards — `hermes kanban boards list`)

✓ t_0d668f8d  done      builder               [email_verify_arbitrage] Build: Email Verify Price Arbitrage
✓ t_08478fcc  done      builder               [tool_price_oracle] Build: Tool Price Oracle
quota probe: no-response (LIMITED)
=== 2026-08-23T13:02:42Z ===
Board: unbundled (19 other boards — `hermes kanban boards list`)

✓ t_0d668f8d  done      builder               [email_verify_arbitrage] Build: Email Verify Price Arbitrage
✓ t_08478fcc  done      builder               [tool_price_oracle] Build: Tool Price Oracle
quota probe: no-response (LIMITED)
=== 2026-08-23T13:04:55Z ===
Board: unbundled (19 other boards — `hermes kanban boards list`)

✓ t_0d668f8d  done      builder               [email_verify_arbitrage] Build: Email Verify Price Arbitrage
✓ t_08478fcc  done      builder               [tool_price_oracle] Build: Tool Price Oracle
quota probe: no-response (LIMITED)
=== 2026-08-23T13:07:07Z ===
Board: unbundled (19 other boards — `hermes kanban boards list`)

✓ t_0d668f8d  done      builder               [email_verify_arbitrage] Build: Email Verify Price Arbitrage
✓ t_08478fcc  done      builder               [tool_price_oracle] Build: Tool Price Oracle
quota probe: "content" (OK)
=== 2026-08-23T13:09:09Z ===
Board: unbundled (19 other boards — `hermes kanban boards list`)

✓ t_0d668f8d  done      builder               [email_verify_arbitrage] Build: Email Verify Price Arbitrage
✓ t_08478fcc  done      builder               [tool_price_oracle] Build: Tool Price Oracle
quota probe: "content" (OK)
=== 2026-08-23T13:11:17Z ===
Board: unbundled (19 other boards — `hermes kanban boards list`)

✓ t_0d668f8d  done      builder               [email_verify_arbitrage] Build: Email Verify Price Arbitrage
✓ t_08478fcc  done      builder               [tool_price_oracle] Build: Tool Price Oracle
quota probe: no-response (LIMITED)
=== 2026-08-23T13:13:30Z ===
Board: unbundled (19 other boards — `hermes kanban boards list`)

✓ t_0d668f8d  done      builder               [email_verify_arbitrage] Build: Email Verify Price Arbitrage
✓ t_08478fcc  done      builder               [tool_price_oracle] Build: Tool Price Oracle
quota probe: "content" (OK)
=== 2026-08-23T13:15:35Z ===
Board: unbundled (19 other boards — `hermes kanban boards list`)

✓ t_0d668f8d  done      builder               [email_verify_arbitrage] Build: Email Verify Price Arbitrage
✓ t_08478fcc  done      builder               [tool_price_oracle] Build: Tool Price Oracle
quota probe: no-response (LIMITED)
=== 2026-08-23T13:17:48Z ===
Board: unbundled (19 other boards — `hermes kanban boards list`)

✓ t_0d668f8d  done      builder               [email_verify_arbitrage] Build: Email Verify Price Arbitrage
✓ t_08478fcc  done      builder               [tool_price_oracle] Build: Tool Price Oracle
quota probe: "content" (OK)
=== 2026-08-23T13:19:52Z ===
Board: unbundled (19 other boards — `hermes kanban boards list`)

✓ t_0d668f8d  done      builder               [email_verify_arbitrage] Build: Email Verify Price Arbitrage
✓ t_08478fcc  done      builder               [tool_price_oracle] Build: Tool Price Oracle
quota probe: "content" (OK)
=== 2026-08-23T13:22:03Z ===
Board: unbundled (19 other boards — `hermes kanban boards list`)

✓ t_0d668f8d  done      builder               [email_verify_arbitrage] Build: Email Verify Price Arbitrage
✓ t_08478fcc  done      builder               [tool_price_oracle] Build: Tool Price Oracle
quota probe: no-response (LIMITED)
=== 2026-08-23T13:24:15Z ===
Board: unbundled (19 other boards — `hermes kanban boards list`)

✓ t_0d668f8d  done      builder               [email_verify_arbitrage] Build: Email Verify Price Arbitrage
✓ t_08478fcc  done      builder               [tool_price_oracle] Build: Tool Price Oracle
quota probe: no-response (LIMITED)
=== 2026-08-23T13:26:16Z ===
Board: unbundled (19 other boards — `hermes kanban boards list`)

✓ t_0d668f8d  done      builder               [email_verify_arbitrage] Build: Email Verify Price Arbitrage
✓ t_08478fcc  done      builder               [tool_price_oracle] Build: Tool Price Oracle
quota probe: no-response (LIMITED)
=== 2026-08-23T13:28:17Z ===
Board: unbundled (19 other boards — `hermes kanban boards list`)

✓ t_0d668f8d  done      builder               [email_verify_arbitrage] Build: Email Verify Price Arbitrage
✓ t_08478fcc  done      builder               [tool_price_oracle] Build: Tool Price Oracle
quota probe: no-response (LIMITED)
=== 2026-08-23T13:30:30Z ===
Board: unbundled (19 other boards — `hermes kanban boards list`)

✓ t_0d668f8d  done      builder               [email_verify_arbitrage] Build: Email Verify Price Arbitrage
✓ t_08478fcc  done      builder               [tool_price_oracle] Build: Tool Price Oracle
quota probe: no-response (LIMITED)
=== 2026-08-23T13:32:34Z ===
Board: unbundled (19 other boards — `hermes kanban boards list`)

✓ t_0d668f8d  done      builder               [email_verify_arbitrage] Build: Email Verify Price Arbitrage
✓ t_08478fcc  done      builder               [tool_price_oracle] Build: Tool Price Oracle
quota probe: no-response (LIMITED)
=== 2026-08-23T13:34:47Z ===
Board: unbundled (19 other boards — `hermes kanban boards list`)

✓ t_0d668f8d  done      builder               [email_verify_arbitrage] Build: Email Verify Price Arbitrage
✓ t_08478fcc  done      builder               [tool_price_oracle] Build: Tool Price Oracle
quota probe: no-response (LIMITED)
=== 2026-08-23T13:36:50Z ===
Board: unbundled (19 other boards — `hermes kanban boards list`)

✓ t_0d668f8d  done      builder               [email_verify_arbitrage] Build: Email Verify Price Arbitrage
✓ t_08478fcc  done      builder               [tool_price_oracle] Build: Tool Price Oracle
quota probe: "content" (OK)
=== 2026-08-23T13:38:53Z ===
Board: unbundled (19 other boards — `hermes kanban boards list`)

✓ t_0d668f8d  done      builder               [email_verify_arbitrage] Build: Email Verify Price Arbitrage
✓ t_08478fcc  done      builder               [tool_price_oracle] Build: Tool Price Oracle
quota probe: "content" (OK)
=== 2026-08-23T13:40:55Z ===
Board: unbundled (19 other boards — `hermes kanban boards list`)

✓ t_0d668f8d  done      builder               [email_verify_arbitrage] Build: Email Verify Price Arbitrage
✓ t_08478fcc  done      builder               [tool_price_oracle] Build: Tool Price Oracle
quota probe: "content" (OK)
=== 2026-08-23T13:42:57Z ===
Board: unbundled (19 other boards — `hermes kanban boards list`)

✓ t_0d668f8d  done      builder               [email_verify_arbitrage] Build: Email Verify Price Arbitrage
✓ t_08478fcc  done      builder               [tool_price_oracle] Build: Tool Price Oracle
quota probe: no-response (LIMITED)
=== 2026-08-23T13:45:09Z ===
Board: unbundled (19 other boards — `hermes kanban boards list`)

✓ t_0d668f8d  done      builder               [email_verify_arbitrage] Build: Email Verify Price Arbitrage
✓ t_08478fcc  done      builder               [tool_price_oracle] Build: Tool Price Oracle
quota probe: no-response (LIMITED)
=== 2026-08-23T13:47:22Z ===
Board: unbundled (19 other boards — `hermes kanban boards list`)

✓ t_0d668f8d  done      builder               [email_verify_arbitrage] Build: Email Verify Price Arbitrage
✓ t_08478fcc  done      builder               [tool_price_oracle] Build: Tool Price Oracle
quota probe: "content" (OK)
=== 2026-08-23T13:49:25Z ===
Board: unbundled (19 other boards — `hermes kanban boards list`)

✓ t_0d668f8d  done      builder               [email_verify_arbitrage] Build: Email Verify Price Arbitrage
✓ t_08478fcc  done      builder               [tool_price_oracle] Build: Tool Price Oracle
quota probe: no-response (LIMITED)
=== 2026-08-23T13:51:37Z ===
Board: unbundled (19 other boards — `hermes kanban boards list`)

✓ t_0d668f8d  done      builder               [email_verify_arbitrage] Build: Email Verify Price Arbitrage
✓ t_08478fcc  done      builder               [tool_price_oracle] Build: Tool Price Oracle
quota probe: no-response (LIMITED)
=== 2026-08-23T13:53:49Z ===
Board: unbundled (19 other boards — `hermes kanban boards list`)

✓ t_0d668f8d  done      builder               [email_verify_arbitrage] Build: Email Verify Price Arbitrage
✓ t_08478fcc  done      builder               [tool_price_oracle] Build: Tool Price Oracle
quota probe: no-response (LIMITED)
=== 2026-08-23T13:56:02Z ===
Board: unbundled (19 other boards — `hermes kanban boards list`)

✓ t_0d668f8d  done      builder               [email_verify_arbitrage] Build: Email Verify Price Arbitrage
✓ t_08478fcc  done      builder               [tool_price_oracle] Build: Tool Price Oracle
quota probe: no-response (LIMITED)
=== 2026-08-23T13:58:03Z ===
Board: unbundled (19 other boards — `hermes kanban boards list`)

✓ t_0d668f8d  done      builder               [email_verify_arbitrage] Build: Email Verify Price Arbitrage
✓ t_08478fcc  done      builder               [tool_price_oracle] Build: Tool Price Oracle
quota probe: no-response (LIMITED)
=== 2026-08-23T14:00:15Z ===
Board: unbundled (19 other boards — `hermes kanban boards list`)

✓ t_0d668f8d  done      builder               [email_verify_arbitrage] Build: Email Verify Price Arbitrage
✓ t_08478fcc  done      builder               [tool_price_oracle] Build: Tool Price Oracle
quota probe: no-response (LIMITED)
=== 2026-08-23T14:02:28Z ===
Board: unbundled (19 other boards — `hermes kanban boards list`)

✓ t_0d668f8d  done      builder               [email_verify_arbitrage] Build: Email Verify Price Arbitrage
✓ t_08478fcc  done      builder               [tool_price_oracle] Build: Tool Price Oracle
quota probe: no-response (LIMITED)
=== 2026-08-23T14:04:40Z ===
Board: unbundled (19 other boards — `hermes kanban boards list`)

✓ t_0d668f8d  done      builder               [email_verify_arbitrage] Build: Email Verify Price Arbitrage
✓ t_08478fcc  done      builder               [tool_price_oracle] Build: Tool Price Oracle
quota probe: "content" (OK)
=== 2026-08-23T14:06:48Z ===
Board: unbundled (19 other boards — `hermes kanban boards list`)

✓ t_0d668f8d  done      builder               [email_verify_arbitrage] Build: Email Verify Price Arbitrage
✓ t_08478fcc  done      builder               [tool_price_oracle] Build: Tool Price Oracle
quota probe: "content" (OK)
=== 2026-08-23T14:08:50Z ===
Board: unbundled (19 other boards — `hermes kanban boards list`)

✓ t_0d668f8d  done      builder               [email_verify_arbitrage] Build: Email Verify Price Arbitrage
✓ t_08478fcc  done      builder               [tool_price_oracle] Build: Tool Price Oracle
quota probe: no-response (LIMITED)
=== 2026-08-23T14:11:02Z ===
Board: unbundled (19 other boards — `hermes kanban boards list`)

✓ t_0d668f8d  done      builder               [email_verify_arbitrage] Build: Email Verify Price Arbitrage
✓ t_08478fcc  done      builder               [tool_price_oracle] Build: Tool Price Oracle
quota probe: "content" (OK)
=== 2026-08-23T14:13:06Z ===
Board: unbundled (19 other boards — `hermes kanban boards list`)

✓ t_0d668f8d  done      builder               [email_verify_arbitrage] Build: Email Verify Price Arbitrage
✓ t_08478fcc  done      builder               [tool_price_oracle] Build: Tool Price Oracle
quota probe: "content" (OK)
=== 2026-08-23T14:15:07Z ===
Board: unbundled (19 other boards — `hermes kanban boards list`)

✓ t_0d668f8d  done      builder               [email_verify_arbitrage] Build: Email Verify Price Arbitrage
✓ t_08478fcc  done      builder               [tool_price_oracle] Build: Tool Price Oracle
quota probe: "content" (OK)
=== 2026-08-23T14:17:09Z ===
Board: unbundled (19 other boards — `hermes kanban boards list`)

✓ t_0d668f8d  done      builder               [email_verify_arbitrage] Build: Email Verify Price Arbitrage
✓ t_08478fcc  done      builder               [tool_price_oracle] Build: Tool Price Oracle
quota probe: no-response (LIMITED)
=== 2026-08-23T14:19:22Z ===
Board: unbundled (19 other boards — `hermes kanban boards list`)

✓ t_0d668f8d  done      builder               [email_verify_arbitrage] Build: Email Verify Price Arbitrage
✓ t_08478fcc  done      builder               [tool_price_oracle] Build: Tool Price Oracle
quota probe: "content" (OK)
=== 2026-08-23T14:21:27Z ===
Board: unbundled (19 other boards — `hermes kanban boards list`)

✓ t_0d668f8d  done      builder               [email_verify_arbitrage] Build: Email Verify Price Arbitrage
✓ t_08478fcc  done      builder               [tool_price_oracle] Build: Tool Price Oracle
quota probe: no-response (LIMITED)
=== 2026-08-23T14:23:39Z ===
Board: unbundled (19 other boards — `hermes kanban boards list`)

✓ t_0d668f8d  done      builder               [email_verify_arbitrage] Build: Email Verify Price Arbitrage
✓ t_08478fcc  done      builder               [tool_price_oracle] Build: Tool Price Oracle
quota probe: "content" (OK)
=== 2026-08-23T14:25:43Z ===
Board: unbundled (19 other boards — `hermes kanban boards list`)

✓ t_0d668f8d  done      builder               [email_verify_arbitrage] Build: Email Verify Price Arbitrage
✓ t_08478fcc  done      builder               [tool_price_oracle] Build: Tool Price Oracle
quota probe: no-response (LIMITED)
=== 2026-08-23T14:27:55Z ===
Board: unbundled (19 other boards — `hermes kanban boards list`)

✓ t_0d668f8d  done      builder               [email_verify_arbitrage] Build: Email Verify Price Arbitrage
✓ t_08478fcc  done      builder               [tool_price_oracle] Build: Tool Price Oracle
quota probe: "content" (OK)
=== 2026-08-23T14:30:00Z ===
Board: unbundled (19 other boards — `hermes kanban boards list`)

✓ t_0d668f8d  done      builder               [email_verify_arbitrage] Build: Email Verify Price Arbitrage
✓ t_08478fcc  done      builder               [tool_price_oracle] Build: Tool Price Oracle
quota probe: no-response (LIMITED)
=== 2026-08-23T14:32:12Z ===
Board: unbundled (19 other boards — `hermes kanban boards list`)

✓ t_0d668f8d  done      builder               [email_verify_arbitrage] Build: Email Verify Price Arbitrage
✓ t_08478fcc  done      builder               [tool_price_oracle] Build: Tool Price Oracle
quota probe: no-response (LIMITED)
=== 2026-08-23T14:34:25Z ===
Board: unbundled (19 other boards — `hermes kanban boards list`)

✓ t_0d668f8d  done      builder               [email_verify_arbitrage] Build: Email Verify Price Arbitrage
✓ t_08478fcc  done      builder               [tool_price_oracle] Build: Tool Price Oracle
quota probe: "content" (OK)
=== 2026-08-23T14:36:27Z ===
Board: unbundled (19 other boards — `hermes kanban boards list`)

✓ t_0d668f8d  done      builder               [email_verify_arbitrage] Build: Email Verify Price Arbitrage
✓ t_08478fcc  done      builder               [tool_price_oracle] Build: Tool Price Oracle
quota probe: "content" (OK)
=== 2026-08-23T14:38:29Z ===
Board: unbundled (19 other boards — `hermes kanban boards list`)

✓ t_0d668f8d  done      builder               [email_verify_arbitrage] Build: Email Verify Price Arbitrage
✓ t_08478fcc  done      builder               [tool_price_oracle] Build: Tool Price Oracle
quota probe: "content" (OK)
=== 2026-08-23T14:40:32Z ===
Board: unbundled (19 other boards — `hermes kanban boards list`)

✓ t_0d668f8d  done      builder               [email_verify_arbitrage] Build: Email Verify Price Arbitrage
✓ t_08478fcc  done      builder               [tool_price_oracle] Build: Tool Price Oracle
quota probe: no-response (LIMITED)
=== 2026-08-23T14:42:44Z ===
Board: unbundled (19 other boards — `hermes kanban boards list`)

✓ t_0d668f8d  done      builder               [email_verify_arbitrage] Build: Email Verify Price Arbitrage
✓ t_08478fcc  done      builder               [tool_price_oracle] Build: Tool Price Oracle
quota probe: "content" (OK)
=== 2026-08-23T14:44:47Z ===
Board: unbundled (19 other boards — `hermes kanban boards list`)

✓ t_0d668f8d  done      builder               [email_verify_arbitrage] Build: Email Verify Price Arbitrage
✓ t_08478fcc  done      builder               [tool_price_oracle] Build: Tool Price Oracle
quota probe: no-response (LIMITED)
=== 2026-08-23T14:46:59Z ===
Board: unbundled (19 other boards — `hermes kanban boards list`)

✓ t_0d668f8d  done      builder               [email_verify_arbitrage] Build: Email Verify Price Arbitrage
✓ t_08478fcc  done      builder               [tool_price_oracle] Build: Tool Price Oracle
quota probe: "content" (OK)
=== 2026-08-23T14:49:01Z ===
Board: unbundled (19 other boards — `hermes kanban boards list`)

✓ t_0d668f8d  done      builder               [email_verify_arbitrage] Build: Email Verify Price Arbitrage
✓ t_08478fcc  done      builder               [tool_price_oracle] Build: Tool Price Oracle
quota probe: no-response (LIMITED)
=== 2026-08-23T14:51:14Z ===
Board: unbundled (19 other boards — `hermes kanban boards list`)

✓ t_0d668f8d  done      builder               [email_verify_arbitrage] Build: Email Verify Price Arbitrage
✓ t_08478fcc  done      builder               [tool_price_oracle] Build: Tool Price Oracle
quota probe: "content" (OK)
=== 2026-08-23T14:53:16Z ===
Board: unbundled (19 other boards — `hermes kanban boards list`)

✓ t_0d668f8d  done      builder               [email_verify_arbitrage] Build: Email Verify Price Arbitrage
✓ t_08478fcc  done      builder               [tool_price_oracle] Build: Tool Price Oracle
quota probe: no-response (LIMITED)
=== 2026-08-23T14:55:28Z ===
Board: unbundled (19 other boards — `hermes kanban boards list`)

✓ t_0d668f8d  done      builder               [email_verify_arbitrage] Build: Email Verify Price Arbitrage
✓ t_08478fcc  done      builder               [tool_price_oracle] Build: Tool Price Oracle
quota probe: no-response (LIMITED)
=== 2026-08-23T14:57:41Z ===
Board: unbundled (19 other boards — `hermes kanban boards list`)

✓ t_0d668f8d  done      builder               [email_verify_arbitrage] Build: Email Verify Price Arbitrage
✓ t_08478fcc  done      builder               [tool_price_oracle] Build: Tool Price Oracle
quota probe: no-response (LIMITED)
=== 2026-08-23T14:59:53Z ===
Board: unbundled (19 other boards — `hermes kanban boards list`)

✓ t_0d668f8d  done      builder               [email_verify_arbitrage] Build: Email Verify Price Arbitrage
✓ t_08478fcc  done      builder               [tool_price_oracle] Build: Tool Price Oracle
quota probe: no-response (LIMITED)
=== 2026-08-23T15:02:06Z ===
Board: unbundled (19 other boards — `hermes kanban boards list`)

✓ t_0d668f8d  done      builder               [email_verify_arbitrage] Build: Email Verify Price Arbitrage
✓ t_08478fcc  done      builder               [tool_price_oracle] Build: Tool Price Oracle
quota probe: no-response (LIMITED)
=== 2026-08-23T15:04:18Z ===
Board: unbundled (19 other boards — `hermes kanban boards list`)

✓ t_0d668f8d  done      builder               [email_verify_arbitrage] Build: Email Verify Price Arbitrage
✓ t_08478fcc  done      builder               [tool_price_oracle] Build: Tool Price Oracle
quota probe: no-response (LIMITED)
=== 2026-08-23T15:06:31Z ===
Board: unbundled (19 other boards — `hermes kanban boards list`)

✓ t_0d668f8d  done      builder               [email_verify_arbitrage] Build: Email Verify Price Arbitrage
✓ t_08478fcc  done      builder               [tool_price_oracle] Build: Tool Price Oracle
quota probe: no-response (LIMITED)
=== 2026-08-23T15:08:43Z ===
Board: unbundled (19 other boards — `hermes kanban boards list`)

✓ t_0d668f8d  done      builder               [email_verify_arbitrage] Build: Email Verify Price Arbitrage
✓ t_08478fcc  done      builder               [tool_price_oracle] Build: Tool Price Oracle
quota probe: no-response (LIMITED)
=== 2026-08-23T15:10:55Z ===
Board: unbundled (19 other boards — `hermes kanban boards list`)

✓ t_0d668f8d  done      builder               [email_verify_arbitrage] Build: Email Verify Price Arbitrage
✓ t_08478fcc  done      builder               [tool_price_oracle] Build: Tool Price Oracle
quota probe: no-response (LIMITED)
=== 2026-08-23T15:13:08Z ===
Board: unbundled (19 other boards — `hermes kanban boards list`)

✓ t_0d668f8d  done      builder               [email_verify_arbitrage] Build: Email Verify Price Arbitrage
✓ t_08478fcc  done      builder               [tool_price_oracle] Build: Tool Price Oracle
quota probe: no-response (LIMITED)
=== 2026-08-23T15:15:20Z ===
Board: unbundled (19 other boards — `hermes kanban boards list`)

✓ t_0d668f8d  done      builder               [email_verify_arbitrage] Build: Email Verify Price Arbitrage
✓ t_08478fcc  done      builder               [tool_price_oracle] Build: Tool Price Oracle
quota probe: no-response (LIMITED)
=== 2026-08-23T15:17:33Z ===
Board: unbundled (19 other boards — `hermes kanban boards list`)

✓ t_0d668f8d  done      builder               [email_verify_arbitrage] Build: Email Verify Price Arbitrage
✓ t_08478fcc  done      builder               [tool_price_oracle] Build: Tool Price Oracle
quota probe: no-response (LIMITED)
=== 2026-08-23T15:19:45Z ===
Board: unbundled (19 other boards — `hermes kanban boards list`)

✓ t_0d668f8d  done      builder               [email_verify_arbitrage] Build: Email Verify Price Arbitrage
✓ t_08478fcc  done      builder               [tool_price_oracle] Build: Tool Price Oracle
quota probe: no-response (LIMITED)
=== 2026-08-23T15:21:58Z ===
Board: unbundled (19 other boards — `hermes kanban boards list`)

✓ t_0d668f8d  done      builder               [email_verify_arbitrage] Build: Email Verify Price Arbitrage
✓ t_08478fcc  done      builder               [tool_price_oracle] Build: Tool Price Oracle
quota probe: no-response (LIMITED)
=== 2026-08-23T15:24:10Z ===
Board: unbundled (19 other boards — `hermes kanban boards list`)

✓ t_0d668f8d  done      builder               [email_verify_arbitrage] Build: Email Verify Price Arbitrage
✓ t_08478fcc  done      builder               [tool_price_oracle] Build: Tool Price Oracle
quota probe: no-response (LIMITED)
=== 2026-08-23T15:26:22Z ===
Board: unbundled (19 other boards — `hermes kanban boards list`)

✓ t_0d668f8d  done      builder               [email_verify_arbitrage] Build: Email Verify Price Arbitrage
✓ t_08478fcc  done      builder               [tool_price_oracle] Build: Tool Price Oracle
quota probe: no-response (LIMITED)
=== 2026-08-23T15:28:35Z ===
Board: unbundled (19 other boards — `hermes kanban boards list`)

✓ t_0d668f8d  done      builder               [email_verify_arbitrage] Build: Email Verify Price Arbitrage
✓ t_08478fcc  done      builder               [tool_price_oracle] Build: Tool Price Oracle
quota probe: no-response (LIMITED)
=== 2026-08-23T15:30:47Z ===
Board: unbundled (19 other boards — `hermes kanban boards list`)

✓ t_0d668f8d  done      builder               [email_verify_arbitrage] Build: Email Verify Price Arbitrage
✓ t_08478fcc  done      builder               [tool_price_oracle] Build: Tool Price Oracle
quota probe: no-response (LIMITED)
=== 2026-08-23T15:33:00Z ===
Board: unbundled (19 other boards — `hermes kanban boards list`)

✓ t_0d668f8d  done      builder               [email_verify_arbitrage] Build: Email Verify Price Arbitrage
✓ t_08478fcc  done      builder               [tool_price_oracle] Build: Tool Price Oracle
quota probe: no-response (LIMITED)
=== 2026-08-23T15:35:12Z ===
Board: unbundled (19 other boards — `hermes kanban boards list`)

✓ t_0d668f8d  done      builder               [email_verify_arbitrage] Build: Email Verify Price Arbitrage
✓ t_08478fcc  done      builder               [tool_price_oracle] Build: Tool Price Oracle
quota probe: no-response (LIMITED)
=== 2026-08-23T15:37:25Z ===
Board: unbundled (19 other boards — `hermes kanban boards list`)

✓ t_0d668f8d  done      builder               [email_verify_arbitrage] Build: Email Verify Price Arbitrage
✓ t_08478fcc  done      builder               [tool_price_oracle] Build: Tool Price Oracle
quota probe: no-response (LIMITED)
=== 2026-08-23T15:39:37Z ===
Board: unbundled (19 other boards — `hermes kanban boards list`)

✓ t_0d668f8d  done      builder               [email_verify_arbitrage] Build: Email Verify Price Arbitrage
✓ t_08478fcc  done      builder               [tool_price_oracle] Build: Tool Price Oracle
quota probe: "content" (OK)
=== 2026-08-23T15:41:45Z ===
Board: unbundled (19 other boards — `hermes kanban boards list`)

✓ t_0d668f8d  done      builder               [email_verify_arbitrage] Build: Email Verify Price Arbitrage
✓ t_08478fcc  done      builder               [tool_price_oracle] Build: Tool Price Oracle
quota probe: "content" (OK)
=== 2026-08-23T15:43:47Z ===
Board: unbundled (19 other boards — `hermes kanban boards list`)

✓ t_0d668f8d  done      builder               [email_verify_arbitrage] Build: Email Verify Price Arbitrage
✓ t_08478fcc  done      builder               [tool_price_oracle] Build: Tool Price Oracle
quota probe: "content" (OK)
=== 2026-08-23T15:45:50Z ===
Board: unbundled (19 other boards — `hermes kanban boards list`)

✓ t_0d668f8d  done      builder               [email_verify_arbitrage] Build: Email Verify Price Arbitrage
✓ t_08478fcc  done      builder               [tool_price_oracle] Build: Tool Price Oracle
quota probe: "content" (OK)
=== 2026-08-23T15:47:52Z ===
Board: unbundled (19 other boards — `hermes kanban boards list`)

✓ t_0d668f8d  done      builder               [email_verify_arbitrage] Build: Email Verify Price Arbitrage
✓ t_08478fcc  done      builder               [tool_price_oracle] Build: Tool Price Oracle
quota probe: "content" (OK)
=== 2026-08-23T15:49:55Z ===
Board: unbundled (19 other boards — `hermes kanban boards list`)

✓ t_0d668f8d  done      builder               [email_verify_arbitrage] Build: Email Verify Price Arbitrage
✓ t_08478fcc  done      builder               [tool_price_oracle] Build: Tool Price Oracle
quota probe: "content" (OK)
=== 2026-08-23T15:51:57Z ===
Board: unbundled (19 other boards — `hermes kanban boards list`)

✓ t_0d668f8d  done      builder               [email_verify_arbitrage] Build: Email Verify Price Arbitrage
✓ t_08478fcc  done      builder               [tool_price_oracle] Build: Tool Price Oracle
quota probe: "content" (OK)
=== 2026-08-23T15:53:59Z ===
Board: unbundled (19 other boards — `hermes kanban boards list`)

✓ t_0d668f8d  done      builder               [email_verify_arbitrage] Build: Email Verify Price Arbitrage
✓ t_08478fcc  done      builder               [tool_price_oracle] Build: Tool Price Oracle
quota probe: "content" (OK)
=== 2026-08-23T15:56:03Z ===
Board: unbundled (19 other boards — `hermes kanban boards list`)

✓ t_0d668f8d  done      builder               [email_verify_arbitrage] Build: Email Verify Price Arbitrage
✓ t_08478fcc  done      builder               [tool_price_oracle] Build: Tool Price Oracle
quota probe: no-response (LIMITED)
=== 2026-08-23T15:58:15Z ===
Board: unbundled (19 other boards — `hermes kanban boards list`)

✓ t_0d668f8d  done      builder               [email_verify_arbitrage] Build: Email Verify Price Arbitrage
✓ t_08478fcc  done      builder               [tool_price_oracle] Build: Tool Price Oracle
quota probe: no-response (LIMITED)
=== 2026-08-23T16:00:27Z ===
Board: unbundled (19 other boards — `hermes kanban boards list`)

✓ t_0d668f8d  done      builder               [email_verify_arbitrage] Build: Email Verify Price Arbitrage
✓ t_08478fcc  done      builder               [tool_price_oracle] Build: Tool Price Oracle
quota probe: no-response (LIMITED)
=== 2026-08-23T16:02:40Z ===
Board: unbundled (19 other boards — `hermes kanban boards list`)

✓ t_0d668f8d  done      builder               [email_verify_arbitrage] Build: Email Verify Price Arbitrage
✓ t_08478fcc  done      builder               [tool_price_oracle] Build: Tool Price Oracle
quota probe: no-response (LIMITED)
=== 2026-08-23T16:04:52Z ===
Board: unbundled (19 other boards — `hermes kanban boards list`)

✓ t_0d668f8d  done      builder               [email_verify_arbitrage] Build: Email Verify Price Arbitrage
✓ t_08478fcc  done      builder               [tool_price_oracle] Build: Tool Price Oracle
quota probe: no-response (LIMITED)
=== 2026-08-23T16:07:05Z ===
Board: unbundled (19 other boards — `hermes kanban boards list`)

✓ t_0d668f8d  done      builder               [email_verify_arbitrage] Build: Email Verify Price Arbitrage
✓ t_08478fcc  done      builder               [tool_price_oracle] Build: Tool Price Oracle
quota probe: no-response (LIMITED)
=== 2026-08-23T16:09:17Z ===
Board: unbundled (19 other boards — `hermes kanban boards list`)

✓ t_0d668f8d  done      builder               [email_verify_arbitrage] Build: Email Verify Price Arbitrage
✓ t_08478fcc  done      builder               [tool_price_oracle] Build: Tool Price Oracle
quota probe: no-response (LIMITED)
=== 2026-08-23T16:11:29Z ===
Board: unbundled (19 other boards — `hermes kanban boards list`)

✓ t_0d668f8d  done      builder               [email_verify_arbitrage] Build: Email Verify Price Arbitrage
✓ t_08478fcc  done      builder               [tool_price_oracle] Build: Tool Price Oracle
quota probe: no-response (LIMITED)
=== 2026-08-23T16:13:42Z ===
Board: unbundled (19 other boards — `hermes kanban boards list`)

✓ t_0d668f8d  done      builder               [email_verify_arbitrage] Build: Email Verify Price Arbitrage
✓ t_08478fcc  done      builder               [tool_price_oracle] Build: Tool Price Oracle
quota probe: no-response (LIMITED)
=== 2026-08-23T16:15:54Z ===
Board: unbundled (19 other boards — `hermes kanban boards list`)

✓ t_0d668f8d  done      builder               [email_verify_arbitrage] Build: Email Verify Price Arbitrage
✓ t_08478fcc  done      builder               [tool_price_oracle] Build: Tool Price Oracle
quota probe: no-response (LIMITED)
=== 2026-08-23T16:18:07Z ===
Board: unbundled (19 other boards — `hermes kanban boards list`)

✓ t_0d668f8d  done      builder               [email_verify_arbitrage] Build: Email Verify Price Arbitrage
✓ t_08478fcc  done      builder               [tool_price_oracle] Build: Tool Price Oracle
quota probe: "content" (OK)
=== 2026-08-23T16:20:09Z ===
Board: unbundled (19 other boards — `hermes kanban boards list`)

✓ t_0d668f8d  done      builder               [email_verify_arbitrage] Build: Email Verify Price Arbitrage
✓ t_08478fcc  done      builder               [tool_price_oracle] Build: Tool Price Oracle
quota probe: "content" (OK)
=== 2026-08-23T16:22:11Z ===
Board: unbundled (19 other boards — `hermes kanban boards list`)

✓ t_0d668f8d  done      builder               [email_verify_arbitrage] Build: Email Verify Price Arbitrage
✓ t_08478fcc  done      builder               [tool_price_oracle] Build: Tool Price Oracle
quota probe: "content" (OK)
=== 2026-08-23T16:24:13Z ===
Board: unbundled (19 other boards — `hermes kanban boards list`)

✓ t_0d668f8d  done      builder               [email_verify_arbitrage] Build: Email Verify Price Arbitrage
✓ t_08478fcc  done      builder               [tool_price_oracle] Build: Tool Price Oracle
quota probe: "content" (OK)
=== 2026-08-23T16:26:15Z ===
Board: unbundled (19 other boards — `hermes kanban boards list`)

✓ t_0d668f8d  done      builder               [email_verify_arbitrage] Build: Email Verify Price Arbitrage
✓ t_08478fcc  done      builder               [tool_price_oracle] Build: Tool Price Oracle
quota probe: no-response (LIMITED)
=== 2026-08-23T16:28:28Z ===
Board: unbundled (19 other boards — `hermes kanban boards list`)

✓ t_0d668f8d  done      builder               [email_verify_arbitrage] Build: Email Verify Price Arbitrage
✓ t_08478fcc  done      builder               [tool_price_oracle] Build: Tool Price Oracle
quota probe: "content" (OK)
=== 2026-08-23T16:30:35Z ===
Board: unbundled (19 other boards — `hermes kanban boards list`)

✓ t_0d668f8d  done      builder               [email_verify_arbitrage] Build: Email Verify Price Arbitrage
✓ t_08478fcc  done      builder               [tool_price_oracle] Build: Tool Price Oracle
quota probe: "content" (OK)
=== 2026-08-23T16:32:43Z ===
Board: unbundled (19 other boards — `hermes kanban boards list`)

✓ t_0d668f8d  done      builder               [email_verify_arbitrage] Build: Email Verify Price Arbitrage
✓ t_08478fcc  done      builder               [tool_price_oracle] Build: Tool Price Oracle
quota probe: "content" (OK)
=== 2026-08-23T16:34:52Z ===
Board: unbundled (19 other boards — `hermes kanban boards list`)

✓ t_0d668f8d  done      builder               [email_verify_arbitrage] Build: Email Verify Price Arbitrage
✓ t_08478fcc  done      builder               [tool_price_oracle] Build: Tool Price Oracle
quota probe: no-response (LIMITED)
=== 2026-08-23T16:37:05Z ===
Board: unbundled (19 other boards — `hermes kanban boards list`)

✓ t_0d668f8d  done      builder               [email_verify_arbitrage] Build: Email Verify Price Arbitrage
✓ t_08478fcc  done      builder               [tool_price_oracle] Build: Tool Price Oracle
quota probe: no-response (LIMITED)
=== 2026-08-23T16:39:17Z ===
Board: unbundled (19 other boards — `hermes kanban boards list`)

✓ t_0d668f8d  done      builder               [email_verify_arbitrage] Build: Email Verify Price Arbitrage
✓ t_08478fcc  done      builder               [tool_price_oracle] Build: Tool Price Oracle
quota probe: no-response (LIMITED)
=== 2026-08-23T16:41:30Z ===
Board: unbundled (19 other boards — `hermes kanban boards list`)

✓ t_0d668f8d  done      builder               [email_verify_arbitrage] Build: Email Verify Price Arbitrage
✓ t_08478fcc  done      builder               [tool_price_oracle] Build: Tool Price Oracle
quota probe: "content" (OK)
=== 2026-08-23T16:43:31Z ===
Board: unbundled (19 other boards — `hermes kanban boards list`)

✓ t_0d668f8d  done      builder               [email_verify_arbitrage] Build: Email Verify Price Arbitrage
✓ t_08478fcc  done      builder               [tool_price_oracle] Build: Tool Price Oracle
quota probe: "content" (OK)
=== 2026-08-23T16:45:37Z ===
Board: unbundled (19 other boards — `hermes kanban boards list`)

✓ t_0d668f8d  done      builder               [email_verify_arbitrage] Build: Email Verify Price Arbitrage
✓ t_08478fcc  done      builder               [tool_price_oracle] Build: Tool Price Oracle
quota probe: "content" (OK)
=== 2026-08-23T16:47:41Z ===
Board: unbundled (19 other boards — `hermes kanban boards list`)

✓ t_0d668f8d  done      builder               [email_verify_arbitrage] Build: Email Verify Price Arbitrage
✓ t_08478fcc  done      builder               [tool_price_oracle] Build: Tool Price Oracle
quota probe: "content" (OK)
=== 2026-08-23T16:49:43Z ===
Board: unbundled (19 other boards — `hermes kanban boards list`)

✓ t_0d668f8d  done      builder               [email_verify_arbitrage] Build: Email Verify Price Arbitrage
✓ t_08478fcc  done      builder               [tool_price_oracle] Build: Tool Price Oracle
quota probe: no-response (LIMITED)
=== 2026-08-23T16:51:56Z ===
Board: unbundled (19 other boards — `hermes kanban boards list`)

✓ t_0d668f8d  done      builder               [email_verify_arbitrage] Build: Email Verify Price Arbitrage
✓ t_08478fcc  done      builder               [tool_price_oracle] Build: Tool Price Oracle
quota probe: "content" (OK)
=== 2026-08-23T16:53:58Z ===
Board: unbundled (19 other boards — `hermes kanban boards list`)

✓ t_0d668f8d  done      builder               [email_verify_arbitrage] Build: Email Verify Price Arbitrage
✓ t_08478fcc  done      builder               [tool_price_oracle] Build: Tool Price Oracle
quota probe: "content" (OK)
=== 2026-08-23T16:56:01Z ===
Board: unbundled (19 other boards — `hermes kanban boards list`)

✓ t_0d668f8d  done      builder               [email_verify_arbitrage] Build: Email Verify Price Arbitrage
✓ t_08478fcc  done      builder               [tool_price_oracle] Build: Tool Price Oracle
quota probe: "content" (OK)
=== 2026-08-23T16:58:04Z ===
Board: unbundled (19 other boards — `hermes kanban boards list`)

✓ t_0d668f8d  done      builder               [email_verify_arbitrage] Build: Email Verify Price Arbitrage
✓ t_08478fcc  done      builder               [tool_price_oracle] Build: Tool Price Oracle
quota probe: no-response (LIMITED)
=== 2026-08-23T17:00:17Z ===
Board: unbundled (19 other boards — `hermes kanban boards list`)

✓ t_0d668f8d  done      builder               [email_verify_arbitrage] Build: Email Verify Price Arbitrage
✓ t_08478fcc  done      builder               [tool_price_oracle] Build: Tool Price Oracle
quota probe: "content" (OK)
=== 2026-08-23T17:02:23Z ===
Board: unbundled (19 other boards — `hermes kanban boards list`)

✓ t_0d668f8d  done      builder               [email_verify_arbitrage] Build: Email Verify Price Arbitrage
✓ t_08478fcc  done      builder               [tool_price_oracle] Build: Tool Price Oracle
quota probe: no-response (LIMITED)
=== 2026-08-23T17:04:36Z ===
Board: unbundled (19 other boards — `hermes kanban boards list`)

✓ t_0d668f8d  done      builder               [email_verify_arbitrage] Build: Email Verify Price Arbitrage
✓ t_08478fcc  done      builder               [tool_price_oracle] Build: Tool Price Oracle
quota probe: no-response (LIMITED)
=== 2026-08-23T17:06:37Z ===
Board: unbundled (19 other boards — `hermes kanban boards list`)

✓ t_0d668f8d  done      builder               [email_verify_arbitrage] Build: Email Verify Price Arbitrage
✓ t_08478fcc  done      builder               [tool_price_oracle] Build: Tool Price Oracle
quota probe: no-response (LIMITED)
=== 2026-08-23T17:08:49Z ===
Board: unbundled (19 other boards — `hermes kanban boards list`)

✓ t_0d668f8d  done      builder               [email_verify_arbitrage] Build: Email Verify Price Arbitrage
✓ t_08478fcc  done      builder               [tool_price_oracle] Build: Tool Price Oracle
quota probe: "content" (OK)
=== 2026-08-23T17:11:00Z ===
Board: unbundled (19 other boards — `hermes kanban boards list`)

✓ t_0d668f8d  done      builder               [email_verify_arbitrage] Build: Email Verify Price Arbitrage
✓ t_08478fcc  done      builder               [tool_price_oracle] Build: Tool Price Oracle
quota probe: "content" (OK)
=== 2026-08-23T17:13:09Z ===
Board: unbundled (19 other boards — `hermes kanban boards list`)

✓ t_0d668f8d  done      builder               [email_verify_arbitrage] Build: Email Verify Price Arbitrage
✓ t_08478fcc  done      builder               [tool_price_oracle] Build: Tool Price Oracle
quota probe: no-response (LIMITED)
=== 2026-08-23T17:15:10Z ===
Board: unbundled (19 other boards — `hermes kanban boards list`)

✓ t_0d668f8d  done      builder               [email_verify_arbitrage] Build: Email Verify Price Arbitrage
✓ t_08478fcc  done      builder               [tool_price_oracle] Build: Tool Price Oracle
quota probe: no-response (LIMITED)
=== 2026-08-23T17:17:22Z ===
Board: unbundled (19 other boards — `hermes kanban boards list`)

✓ t_0d668f8d  done      builder               [email_verify_arbitrage] Build: Email Verify Price Arbitrage
✓ t_08478fcc  done      builder               [tool_price_oracle] Build: Tool Price Oracle
quota probe: "content" (OK)
=== 2026-08-23T17:19:33Z ===
Board: unbundled (19 other boards — `hermes kanban boards list`)

✓ t_0d668f8d  done      builder               [email_verify_arbitrage] Build: Email Verify Price Arbitrage
✓ t_08478fcc  done      builder               [tool_price_oracle] Build: Tool Price Oracle
quota probe: "content" (OK)
=== 2026-08-23T17:21:35Z ===
Board: unbundled (19 other boards — `hermes kanban boards list`)

✓ t_0d668f8d  done      builder               [email_verify_arbitrage] Build: Email Verify Price Arbitrage
✓ t_08478fcc  done      builder               [tool_price_oracle] Build: Tool Price Oracle
quota probe: "content" (OK)
=== 2026-08-23T17:23:38Z ===
Board: unbundled (19 other boards — `hermes kanban boards list`)

✓ t_0d668f8d  done      builder               [email_verify_arbitrage] Build: Email Verify Price Arbitrage
✓ t_08478fcc  done      builder               [tool_price_oracle] Build: Tool Price Oracle
quota probe: "content" (OK)
=== 2026-08-23T17:25:40Z ===
Board: unbundled (19 other boards — `hermes kanban boards list`)

✓ t_0d668f8d  done      builder               [email_verify_arbitrage] Build: Email Verify Price Arbitrage
✓ t_08478fcc  done      builder               [tool_price_oracle] Build: Tool Price Oracle
quota probe: "content" (OK)
=== 2026-08-23T17:27:43Z ===
Board: unbundled (19 other boards — `hermes kanban boards list`)

✓ t_0d668f8d  done      builder               [email_verify_arbitrage] Build: Email Verify Price Arbitrage
✓ t_08478fcc  done      builder               [tool_price_oracle] Build: Tool Price Oracle
quota probe: "content" (OK)
=== 2026-08-23T17:29:45Z ===
Board: unbundled (19 other boards — `hermes kanban boards list`)

✓ t_0d668f8d  done      builder               [email_verify_arbitrage] Build: Email Verify Price Arbitrage
✓ t_08478fcc  done      builder               [tool_price_oracle] Build: Tool Price Oracle
quota probe: "content" (OK)
=== 2026-08-23T17:31:48Z ===
Board: unbundled (19 other boards — `hermes kanban boards list`)

✓ t_0d668f8d  done      builder               [email_verify_arbitrage] Build: Email Verify Price Arbitrage
✓ t_08478fcc  done      builder               [tool_price_oracle] Build: Tool Price Oracle
quota probe: "content" (OK)
=== 2026-08-23T17:33:57Z ===
Board: unbundled (19 other boards — `hermes kanban boards list`)

✓ t_0d668f8d  done      builder               [email_verify_arbitrage] Build: Email Verify Price Arbitrage
✓ t_08478fcc  done      builder               [tool_price_oracle] Build: Tool Price Oracle
quota probe: no-response (LIMITED)
=== 2026-08-23T17:36:09Z ===
Board: unbundled (19 other boards — `hermes kanban boards list`)

✓ t_0d668f8d  done      builder               [email_verify_arbitrage] Build: Email Verify Price Arbitrage
✓ t_08478fcc  done      builder               [tool_price_oracle] Build: Tool Price Oracle
quota probe: no-response (LIMITED)
=== 2026-08-23T17:38:21Z ===
Board: unbundled (19 other boards — `hermes kanban boards list`)

✓ t_0d668f8d  done      builder               [email_verify_arbitrage] Build: Email Verify Price Arbitrage
✓ t_08478fcc  done      builder               [tool_price_oracle] Build: Tool Price Oracle
quota probe: no-response (LIMITED)
=== 2026-08-23T17:40:34Z ===
Board: unbundled (19 other boards — `hermes kanban boards list`)

✓ t_0d668f8d  done      builder               [email_verify_arbitrage] Build: Email Verify Price Arbitrage
✓ t_08478fcc  done      builder               [tool_price_oracle] Build: Tool Price Oracle
quota probe: no-response (LIMITED)
=== 2026-08-23T17:42:36Z ===
Board: unbundled (19 other boards — `hermes kanban boards list`)

✓ t_0d668f8d  done      builder               [email_verify_arbitrage] Build: Email Verify Price Arbitrage
✓ t_08478fcc  done      builder               [tool_price_oracle] Build: Tool Price Oracle
quota probe: no-response (LIMITED)
=== 2026-08-23T17:44:48Z ===
Board: unbundled (19 other boards — `hermes kanban boards list`)

✓ t_0d668f8d  done      builder               [email_verify_arbitrage] Build: Email Verify Price Arbitrage
✓ t_08478fcc  done      builder               [tool_price_oracle] Build: Tool Price Oracle
quota probe: "content" (OK)
=== 2026-08-23T17:46:59Z ===
Board: unbundled (19 other boards — `hermes kanban boards list`)

✓ t_0d668f8d  done      builder               [email_verify_arbitrage] Build: Email Verify Price Arbitrage
✓ t_08478fcc  done      builder               [tool_price_oracle] Build: Tool Price Oracle
quota probe: no-response (LIMITED)
=== 2026-08-23T17:49:12Z ===
Board: unbundled (19 other boards — `hermes kanban boards list`)

✓ t_0d668f8d  done      builder               [email_verify_arbitrage] Build: Email Verify Price Arbitrage
✓ t_08478fcc  done      builder               [tool_price_oracle] Build: Tool Price Oracle
quota probe: no-response (LIMITED)
=== 2026-08-23T17:51:24Z ===
Board: unbundled (19 other boards — `hermes kanban boards list`)

✓ t_0d668f8d  done      builder               [email_verify_arbitrage] Build: Email Verify Price Arbitrage
✓ t_08478fcc  done      builder               [tool_price_oracle] Build: Tool Price Oracle
quota probe: no-response (LIMITED)
=== 2026-08-23T17:53:36Z ===
Board: unbundled (19 other boards — `hermes kanban boards list`)

✓ t_0d668f8d  done      builder               [email_verify_arbitrage] Build: Email Verify Price Arbitrage
✓ t_08478fcc  done      builder               [tool_price_oracle] Build: Tool Price Oracle
quota probe: "content" (OK)
=== 2026-08-23T17:55:39Z ===
Board: unbundled (19 other boards — `hermes kanban boards list`)

✓ t_0d668f8d  done      builder               [email_verify_arbitrage] Build: Email Verify Price Arbitrage
✓ t_08478fcc  done      builder               [tool_price_oracle] Build: Tool Price Oracle
quota probe: no-response (LIMITED)
=== 2026-08-23T17:57:51Z ===
Board: unbundled (19 other boards — `hermes kanban boards list`)

✓ t_0d668f8d  done      builder               [email_verify_arbitrage] Build: Email Verify Price Arbitrage
✓ t_08478fcc  done      builder               [tool_price_oracle] Build: Tool Price Oracle
quota probe: "content" (OK)
=== 2026-08-23T17:59:54Z ===
Board: unbundled (19 other boards — `hermes kanban boards list`)

✓ t_0d668f8d  done      builder               [email_verify_arbitrage] Build: Email Verify Price Arbitrage
✓ t_08478fcc  done      builder               [tool_price_oracle] Build: Tool Price Oracle
quota probe: no-response (LIMITED)
=== 2026-08-23T18:02:06Z ===
Board: unbundled (19 other boards — `hermes kanban boards list`)

✓ t_0d668f8d  done      builder               [email_verify_arbitrage] Build: Email Verify Price Arbitrage
✓ t_08478fcc  done      builder               [tool_price_oracle] Build: Tool Price Oracle
quota probe: "content" (OK)
=== 2026-08-23T18:04:08Z ===
Board: unbundled (19 other boards — `hermes kanban boards list`)

✓ t_0d668f8d  done      builder               [email_verify_arbitrage] Build: Email Verify Price Arbitrage
✓ t_08478fcc  done      builder               [tool_price_oracle] Build: Tool Price Oracle
quota probe: "content" (OK)
=== 2026-08-23T18:06:10Z ===
Board: unbundled (19 other boards — `hermes kanban boards list`)

✓ t_0d668f8d  done      builder               [email_verify_arbitrage] Build: Email Verify Price Arbitrage
✓ t_08478fcc  done      builder               [tool_price_oracle] Build: Tool Price Oracle
quota probe: "content" (OK)
=== 2026-08-23T18:08:13Z ===
Board: unbundled (19 other boards — `hermes kanban boards list`)

✓ t_0d668f8d  done      builder               [email_verify_arbitrage] Build: Email Verify Price Arbitrage
✓ t_08478fcc  done      builder               [tool_price_oracle] Build: Tool Price Oracle
quota probe: "content" (OK)
=== 2026-08-23T18:10:15Z ===
Board: unbundled (19 other boards — `hermes kanban boards list`)

✓ t_0d668f8d  done      builder               [email_verify_arbitrage] Build: Email Verify Price Arbitrage
✓ t_08478fcc  done      builder               [tool_price_oracle] Build: Tool Price Oracle
quota probe: "content" (OK)
=== 2026-08-23T18:12:18Z ===
Board: unbundled (19 other boards — `hermes kanban boards list`)

✓ t_0d668f8d  done      builder               [email_verify_arbitrage] Build: Email Verify Price Arbitrage
✓ t_08478fcc  done      builder               [tool_price_oracle] Build: Tool Price Oracle
quota probe: "content" (OK)
=== 2026-08-23T18:14:20Z ===
Board: unbundled (19 other boards — `hermes kanban boards list`)

✓ t_0d668f8d  done      builder               [email_verify_arbitrage] Build: Email Verify Price Arbitrage
✓ t_08478fcc  done      builder               [tool_price_oracle] Build: Tool Price Oracle
quota probe: "content" (OK)
=== 2026-08-23T18:16:22Z ===
Board: unbundled (19 other boards — `hermes kanban boards list`)

✓ t_0d668f8d  done      builder               [email_verify_arbitrage] Build: Email Verify Price Arbitrage
✓ t_08478fcc  done      builder               [tool_price_oracle] Build: Tool Price Oracle
quota probe: "content" (OK)
=== 2026-08-23T18:18:24Z ===
Board: unbundled (19 other boards — `hermes kanban boards list`)

✓ t_0d668f8d  done      builder               [email_verify_arbitrage] Build: Email Verify Price Arbitrage
✓ t_08478fcc  done      builder               [tool_price_oracle] Build: Tool Price Oracle
quota probe: "content" (OK)
=== 2026-08-23T18:20:27Z ===
Board: unbundled (19 other boards — `hermes kanban boards list`)

✓ t_0d668f8d  done      builder               [email_verify_arbitrage] Build: Email Verify Price Arbitrage
✓ t_08478fcc  done      builder               [tool_price_oracle] Build: Tool Price Oracle
quota probe: "content" (OK)
=== 2026-08-23T18:22:29Z ===
Board: unbundled (19 other boards — `hermes kanban boards list`)

✓ t_0d668f8d  done      builder               [email_verify_arbitrage] Build: Email Verify Price Arbitrage
✓ t_08478fcc  done      builder               [tool_price_oracle] Build: Tool Price Oracle
quota probe: "content" (OK)
=== 2026-08-23T18:24:31Z ===
Board: unbundled (19 other boards — `hermes kanban boards list`)

✓ t_0d668f8d  done      builder               [email_verify_arbitrage] Build: Email Verify Price Arbitrage
✓ t_08478fcc  done      builder               [tool_price_oracle] Build: Tool Price Oracle
quota probe: no-response (LIMITED)
=== 2026-08-23T18:26:44Z ===
Board: unbundled (19 other boards — `hermes kanban boards list`)

✓ t_0d668f8d  done      builder               [email_verify_arbitrage] Build: Email Verify Price Arbitrage
✓ t_08478fcc  done      builder               [tool_price_oracle] Build: Tool Price Oracle
quota probe: "content" (OK)
=== 2026-08-23T18:28:51Z ===
Board: unbundled (19 other boards — `hermes kanban boards list`)

✓ t_0d668f8d  done      builder               [email_verify_arbitrage] Build: Email Verify Price Arbitrage
✓ t_08478fcc  done      builder               [tool_price_oracle] Build: Tool Price Oracle
quota probe: "content" (OK)
=== 2026-08-23T18:30:53Z ===
Board: unbundled (19 other boards — `hermes kanban boards list`)

✓ t_0d668f8d  done      builder               [email_verify_arbitrage] Build: Email Verify Price Arbitrage
✓ t_08478fcc  done      builder               [tool_price_oracle] Build: Tool Price Oracle
quota probe: "content" (OK)
=== 2026-08-23T18:32:55Z ===
Board: unbundled (19 other boards — `hermes kanban boards list`)

✓ t_0d668f8d  done      builder               [email_verify_arbitrage] Build: Email Verify Price Arbitrage
✓ t_08478fcc  done      builder               [tool_price_oracle] Build: Tool Price Oracle
quota probe: "content" (OK)
=== 2026-08-23T18:34:56Z ===
Board: unbundled (19 other boards — `hermes kanban boards list`)

✓ t_0d668f8d  done      builder               [email_verify_arbitrage] Build: Email Verify Price Arbitrage
✓ t_08478fcc  done      builder               [tool_price_oracle] Build: Tool Price Oracle
quota probe: "content" (OK)
=== 2026-08-23T18:36:59Z ===
Board: unbundled (19 other boards — `hermes kanban boards list`)

✓ t_0d668f8d  done      builder               [email_verify_arbitrage] Build: Email Verify Price Arbitrage
✓ t_08478fcc  done      builder               [tool_price_oracle] Build: Tool Price Oracle
quota probe: "content" (OK)
=== 2026-08-23T18:39:02Z ===
Board: unbundled (19 other boards — `hermes kanban boards list`)

✓ t_0d668f8d  done      builder               [email_verify_arbitrage] Build: Email Verify Price Arbitrage
✓ t_08478fcc  done      builder               [tool_price_oracle] Build: Tool Price Oracle
quota probe: "content" (OK)
=== 2026-08-23T18:41:04Z ===
Board: unbundled (19 other boards — `hermes kanban boards list`)

✓ t_0d668f8d  done      builder               [email_verify_arbitrage] Build: Email Verify Price Arbitrage
✓ t_08478fcc  done      builder               [tool_price_oracle] Build: Tool Price Oracle
quota probe: "content" (OK)
=== 2026-08-23T18:43:06Z ===
Board: unbundled (19 other boards — `hermes kanban boards list`)

✓ t_0d668f8d  done      builder               [email_verify_arbitrage] Build: Email Verify Price Arbitrage
✓ t_08478fcc  done      builder               [tool_price_oracle] Build: Tool Price Oracle
quota probe: "content" (OK)
=== 2026-08-23T18:45:08Z ===
Board: unbundled (19 other boards — `hermes kanban boards list`)

✓ t_0d668f8d  done      builder               [email_verify_arbitrage] Build: Email Verify Price Arbitrage
✓ t_08478fcc  done      builder               [tool_price_oracle] Build: Tool Price Oracle
quota probe: "content" (OK)
=== 2026-08-23T18:47:10Z ===
Board: unbundled (19 other boards — `hermes kanban boards list`)

✓ t_0d668f8d  done      builder               [email_verify_arbitrage] Build: Email Verify Price Arbitrage
✓ t_08478fcc  done      builder               [tool_price_oracle] Build: Tool Price Oracle
quota probe: "content" (OK)
=== 2026-08-23T18:49:15Z ===
Board: unbundled (19 other boards — `hermes kanban boards list`)

✓ t_0d668f8d  done      builder               [email_verify_arbitrage] Build: Email Verify Price Arbitrage
✓ t_08478fcc  done      builder               [tool_price_oracle] Build: Tool Price Oracle
quota probe: "content" (OK)
=== 2026-08-23T18:51:17Z ===
Board: unbundled (19 other boards — `hermes kanban boards list`)

✓ t_0d668f8d  done      builder               [email_verify_arbitrage] Build: Email Verify Price Arbitrage
✓ t_08478fcc  done      builder               [tool_price_oracle] Build: Tool Price Oracle
quota probe: "content" (OK)
=== 2026-08-23T18:53:19Z ===
Board: unbundled (19 other boards — `hermes kanban boards list`)

✓ t_0d668f8d  done      builder               [email_verify_arbitrage] Build: Email Verify Price Arbitrage
✓ t_08478fcc  done      builder               [tool_price_oracle] Build: Tool Price Oracle
quota probe: "content" (OK)
=== 2026-08-23T18:55:21Z ===
Board: unbundled (19 other boards — `hermes kanban boards list`)

✓ t_0d668f8d  done      builder               [email_verify_arbitrage] Build: Email Verify Price Arbitrage
✓ t_08478fcc  done      builder               [tool_price_oracle] Build: Tool Price Oracle
quota probe: "content" (OK)
=== 2026-08-23T18:57:23Z ===
Board: unbundled (19 other boards — `hermes kanban boards list`)

✓ t_0d668f8d  done      builder               [email_verify_arbitrage] Build: Email Verify Price Arbitrage
✓ t_08478fcc  done      builder               [tool_price_oracle] Build: Tool Price Oracle
quota probe: "content" (OK)
=== 2026-08-23T18:59:24Z ===
Board: unbundled (19 other boards — `hermes kanban boards list`)

✓ t_0d668f8d  done      builder               [email_verify_arbitrage] Build: Email Verify Price Arbitrage
✓ t_08478fcc  done      builder               [tool_price_oracle] Build: Tool Price Oracle
quota probe: "content" (OK)
=== 2026-08-23T19:01:26Z ===
Board: unbundled (19 other boards — `hermes kanban boards list`)

✓ t_0d668f8d  done      builder               [email_verify_arbitrage] Build: Email Verify Price Arbitrage
✓ t_08478fcc  done      builder               [tool_price_oracle] Build: Tool Price Oracle
quota probe: "content" (OK)
=== 2026-08-23T19:03:29Z ===
Board: unbundled (19 other boards — `hermes kanban boards list`)

✓ t_0d668f8d  done      builder               [email_verify_arbitrage] Build: Email Verify Price Arbitrage
✓ t_08478fcc  done      builder               [tool_price_oracle] Build: Tool Price Oracle
quota probe: "content" (OK)
=== 2026-08-23T19:05:31Z ===
Board: unbundled (19 other boards — `hermes kanban boards list`)

✓ t_0d668f8d  done      builder               [email_verify_arbitrage] Build: Email Verify Price Arbitrage
✓ t_08478fcc  done      builder               [tool_price_oracle] Build: Tool Price Oracle
quota probe: "content" (OK)
=== 2026-08-23T19:07:33Z ===
Board: unbundled (19 other boards — `hermes kanban boards list`)

✓ t_0d668f8d  done      builder               [email_verify_arbitrage] Build: Email Verify Price Arbitrage
✓ t_08478fcc  done      builder               [tool_price_oracle] Build: Tool Price Oracle
quota probe: "content" (OK)
=== 2026-08-23T19:09:36Z ===
Board: unbundled (19 other boards — `hermes kanban boards list`)

✓ t_0d668f8d  done      builder               [email_verify_arbitrage] Build: Email Verify Price Arbitrage
✓ t_08478fcc  done      builder               [tool_price_oracle] Build: Tool Price Oracle
quota probe: "content" (OK)
=== 2026-08-23T19:11:38Z ===
Board: unbundled (19 other boards — `hermes kanban boards list`)

✓ t_0d668f8d  done      builder               [email_verify_arbitrage] Build: Email Verify Price Arbitrage
✓ t_08478fcc  done      builder               [tool_price_oracle] Build: Tool Price Oracle
quota probe: "content" (OK)
=== 2026-08-23T19:13:40Z ===
Board: unbundled (19 other boards — `hermes kanban boards list`)

✓ t_0d668f8d  done      builder               [email_verify_arbitrage] Build: Email Verify Price Arbitrage
✓ t_08478fcc  done      builder               [tool_price_oracle] Build: Tool Price Oracle
quota probe: "content" (OK)
=== 2026-08-23T19:15:42Z ===
Board: unbundled (19 other boards — `hermes kanban boards list`)

✓ t_0d668f8d  done      builder               [email_verify_arbitrage] Build: Email Verify Price Arbitrage
✓ t_08478fcc  done      builder               [tool_price_oracle] Build: Tool Price Oracle
quota probe: "content" (OK)
=== 2026-08-23T19:17:44Z ===
Board: unbundled (19 other boards — `hermes kanban boards list`)

✓ t_0d668f8d  done      builder               [email_verify_arbitrage] Build: Email Verify Price Arbitrage
✓ t_08478fcc  done      builder               [tool_price_oracle] Build: Tool Price Oracle
quota probe: "content" (OK)
=== 2026-08-23T19:19:46Z ===
Board: unbundled (19 other boards — `hermes kanban boards list`)

✓ t_0d668f8d  done      builder               [email_verify_arbitrage] Build: Email Verify Price Arbitrage
✓ t_08478fcc  done      builder               [tool_price_oracle] Build: Tool Price Oracle
quota probe: "content" (OK)
=== 2026-08-23T19:21:48Z ===
Board: unbundled (19 other boards — `hermes kanban boards list`)

✓ t_0d668f8d  done      builder               [email_verify_arbitrage] Build: Email Verify Price Arbitrage
✓ t_08478fcc  done      builder               [tool_price_oracle] Build: Tool Price Oracle
quota probe: "content" (OK)
=== 2026-08-23T19:23:50Z ===
Board: unbundled (19 other boards — `hermes kanban boards list`)

✓ t_0d668f8d  done      builder               [email_verify_arbitrage] Build: Email Verify Price Arbitrage
✓ t_08478fcc  done      builder               [tool_price_oracle] Build: Tool Price Oracle
quota probe: "content" (OK)
=== 2026-08-23T19:25:53Z ===
Board: unbundled (19 other boards — `hermes kanban boards list`)

✓ t_0d668f8d  done      builder               [email_verify_arbitrage] Build: Email Verify Price Arbitrage
✓ t_08478fcc  done      builder               [tool_price_oracle] Build: Tool Price Oracle
quota probe: "content" (OK)
=== 2026-08-23T19:27:55Z ===
Board: unbundled (19 other boards — `hermes kanban boards list`)

✓ t_0d668f8d  done      builder               [email_verify_arbitrage] Build: Email Verify Price Arbitrage
✓ t_08478fcc  done      builder               [tool_price_oracle] Build: Tool Price Oracle
quota probe: "content" (OK)
=== 2026-08-23T19:29:58Z ===
Board: unbundled (19 other boards — `hermes kanban boards list`)

✓ t_0d668f8d  done      builder               [email_verify_arbitrage] Build: Email Verify Price Arbitrage
✓ t_08478fcc  done      builder               [tool_price_oracle] Build: Tool Price Oracle
quota probe: "content" (OK)
=== 2026-08-23T19:31:59Z ===
Board: unbundled (19 other boards — `hermes kanban boards list`)

✓ t_0d668f8d  done      builder               [email_verify_arbitrage] Build: Email Verify Price Arbitrage
✓ t_08478fcc  done      builder               [tool_price_oracle] Build: Tool Price Oracle
quota probe: "content" (OK)
=== 2026-08-23T19:34:02Z ===
Board: unbundled (19 other boards — `hermes kanban boards list`)

✓ t_0d668f8d  done      builder               [email_verify_arbitrage] Build: Email Verify Price Arbitrage
✓ t_08478fcc  done      builder               [tool_price_oracle] Build: Tool Price Oracle
quota probe: "content" (OK)
=== 2026-08-23T19:36:04Z ===
Board: unbundled (19 other boards — `hermes kanban boards list`)

✓ t_0d668f8d  done      builder               [email_verify_arbitrage] Build: Email Verify Price Arbitrage
✓ t_08478fcc  done      builder               [tool_price_oracle] Build: Tool Price Oracle
quota probe: "content" (OK)
=== 2026-08-23T19:38:06Z ===
Board: unbundled (19 other boards — `hermes kanban boards list`)

✓ t_0d668f8d  done      builder               [email_verify_arbitrage] Build: Email Verify Price Arbitrage
✓ t_08478fcc  done      builder               [tool_price_oracle] Build: Tool Price Oracle
quota probe: "content" (OK)
=== 2026-08-23T19:40:08Z ===
Board: unbundled (19 other boards — `hermes kanban boards list`)

✓ t_0d668f8d  done      builder               [email_verify_arbitrage] Build: Email Verify Price Arbitrage
✓ t_08478fcc  done      builder               [tool_price_oracle] Build: Tool Price Oracle
quota probe: "content" (OK)
=== 2026-08-23T19:42:10Z ===
Board: unbundled (19 other boards — `hermes kanban boards list`)

✓ t_0d668f8d  done      builder               [email_verify_arbitrage] Build: Email Verify Price Arbitrage
✓ t_08478fcc  done      builder               [tool_price_oracle] Build: Tool Price Oracle
quota probe: "content" (OK)
=== 2026-08-23T19:44:12Z ===
Board: unbundled (19 other boards — `hermes kanban boards list`)

✓ t_0d668f8d  done      builder               [email_verify_arbitrage] Build: Email Verify Price Arbitrage
✓ t_08478fcc  done      builder               [tool_price_oracle] Build: Tool Price Oracle
quota probe: "content" (OK)
=== 2026-08-23T19:46:14Z ===
Board: unbundled (19 other boards — `hermes kanban boards list`)

✓ t_0d668f8d  done      builder               [email_verify_arbitrage] Build: Email Verify Price Arbitrage
✓ t_08478fcc  done      builder               [tool_price_oracle] Build: Tool Price Oracle
quota probe: "content" (OK)
=== 2026-08-23T19:48:17Z ===
Board: unbundled (19 other boards — `hermes kanban boards list`)

✓ t_0d668f8d  done      builder               [email_verify_arbitrage] Build: Email Verify Price Arbitrage
✓ t_08478fcc  done      builder               [tool_price_oracle] Build: Tool Price Oracle
quota probe: "content" (OK)
=== 2026-08-23T19:50:20Z ===
Board: unbundled (19 other boards — `hermes kanban boards list`)

✓ t_0d668f8d  done      builder               [email_verify_arbitrage] Build: Email Verify Price Arbitrage
✓ t_08478fcc  done      builder               [tool_price_oracle] Build: Tool Price Oracle
quota probe: "content" (OK)
=== 2026-08-23T19:52:22Z ===
Board: unbundled (19 other boards — `hermes kanban boards list`)

✓ t_0d668f8d  done      builder               [email_verify_arbitrage] Build: Email Verify Price Arbitrage
✓ t_08478fcc  done      builder               [tool_price_oracle] Build: Tool Price Oracle
quota probe: "content" (OK)
=== 2026-08-23T19:54:24Z ===
Board: unbundled (19 other boards — `hermes kanban boards list`)

✓ t_0d668f8d  done      builder               [email_verify_arbitrage] Build: Email Verify Price Arbitrage
✓ t_08478fcc  done      builder               [tool_price_oracle] Build: Tool Price Oracle
quota probe: "content" (OK)
=== 2026-08-23T19:56:26Z ===
Board: unbundled (19 other boards — `hermes kanban boards list`)

✓ t_0d668f8d  done      builder               [email_verify_arbitrage] Build: Email Verify Price Arbitrage
✓ t_08478fcc  done      builder               [tool_price_oracle] Build: Tool Price Oracle
quota probe: "content" (OK)
=== 2026-08-23T19:58:29Z ===
Board: unbundled (19 other boards — `hermes kanban boards list`)

✓ t_0d668f8d  done      builder               [email_verify_arbitrage] Build: Email Verify Price Arbitrage
✓ t_08478fcc  done      builder               [tool_price_oracle] Build: Tool Price Oracle
quota probe: "content" (OK)
=== 2026-08-23T20:00:31Z ===
Board: unbundled (19 other boards — `hermes kanban boards list`)

✓ t_0d668f8d  done      builder               [email_verify_arbitrage] Build: Email Verify Price Arbitrage
✓ t_08478fcc  done      builder               [tool_price_oracle] Build: Tool Price Oracle
quota probe: "content" (OK)
=== 2026-08-23T20:02:33Z ===
Board: unbundled (19 other boards — `hermes kanban boards list`)

✓ t_0d668f8d  done      builder               [email_verify_arbitrage] Build: Email Verify Price Arbitrage
✓ t_08478fcc  done      builder               [tool_price_oracle] Build: Tool Price Oracle
quota probe: "content" (OK)
=== 2026-08-23T20:04:38Z ===
Board: unbundled (19 other boards — `hermes kanban boards list`)

✓ t_0d668f8d  done      builder               [email_verify_arbitrage] Build: Email Verify Price Arbitrage
✓ t_08478fcc  done      builder               [tool_price_oracle] Build: Tool Price Oracle
quota probe: "content" (OK)
=== 2026-08-23T20:06:40Z ===
Board: unbundled (19 other boards — `hermes kanban boards list`)

✓ t_0d668f8d  done      builder               [email_verify_arbitrage] Build: Email Verify Price Arbitrage
✓ t_08478fcc  done      builder               [tool_price_oracle] Build: Tool Price Oracle
quota probe: "content" (OK)
=== 2026-08-23T20:08:47Z ===
Board: unbundled (19 other boards — `hermes kanban boards list`)

✓ t_0d668f8d  done      builder               [email_verify_arbitrage] Build: Email Verify Price Arbitrage
✓ t_08478fcc  done      builder               [tool_price_oracle] Build: Tool Price Oracle
quota probe: "content" (OK)
=== 2026-08-23T20:10:53Z ===
Board: unbundled (19 other boards — `hermes kanban boards list`)

✓ t_0d668f8d  done      builder               [email_verify_arbitrage] Build: Email Verify Price Arbitrage
✓ t_08478fcc  done      builder               [tool_price_oracle] Build: Tool Price Oracle
quota probe: "content" (OK)
=== 2026-08-23T20:12:56Z ===
Board: unbundled (19 other boards — `hermes kanban boards list`)

✓ t_0d668f8d  done      builder               [email_verify_arbitrage] Build: Email Verify Price Arbitrage
✓ t_08478fcc  done      builder               [tool_price_oracle] Build: Tool Price Oracle
quota probe: "content" (OK)
=== 2026-08-23T20:14:58Z ===
Board: unbundled (19 other boards — `hermes kanban boards list`)

✓ t_0d668f8d  done      builder               [email_verify_arbitrage] Build: Email Verify Price Arbitrage
✓ t_08478fcc  done      builder               [tool_price_oracle] Build: Tool Price Oracle
quota probe: "content" (OK)
=== 2026-08-23T20:17:01Z ===
Board: unbundled (19 other boards — `hermes kanban boards list`)

✓ t_0d668f8d  done      builder               [email_verify_arbitrage] Build: Email Verify Price Arbitrage
✓ t_08478fcc  done      builder               [tool_price_oracle] Build: Tool Price Oracle
quota probe: "content" (OK)
=== 2026-08-23T20:19:05Z ===
Board: unbundled (19 other boards — `hermes kanban boards list`)

✓ t_0d668f8d  done      builder               [email_verify_arbitrage] Build: Email Verify Price Arbitrage
✓ t_08478fcc  done      builder               [tool_price_oracle] Build: Tool Price Oracle
quota probe: no-response (LIMITED)
=== 2026-08-23T20:21:17Z ===
Board: unbundled (19 other boards — `hermes kanban boards list`)

✓ t_0d668f8d  done      builder               [email_verify_arbitrage] Build: Email Verify Price Arbitrage
✓ t_08478fcc  done      builder               [tool_price_oracle] Build: Tool Price Oracle
quota probe: no-response (LIMITED)
=== 2026-08-23T20:23:19Z ===
Board: unbundled (19 other boards — `hermes kanban boards list`)

✓ t_0d668f8d  done      builder               [email_verify_arbitrage] Build: Email Verify Price Arbitrage
✓ t_08478fcc  done      builder               [tool_price_oracle] Build: Tool Price Oracle
quota probe: "content" (OK)
=== 2026-08-23T20:25:22Z ===
Board: unbundled (19 other boards — `hermes kanban boards list`)

✓ t_0d668f8d  done      builder               [email_verify_arbitrage] Build: Email Verify Price Arbitrage
✓ t_08478fcc  done      builder               [tool_price_oracle] Build: Tool Price Oracle
quota probe: no-response (LIMITED)
=== 2026-08-23T20:27:34Z ===
Board: unbundled (19 other boards — `hermes kanban boards list`)

✓ t_0d668f8d  done      builder               [email_verify_arbitrage] Build: Email Verify Price Arbitrage
✓ t_08478fcc  done      builder               [tool_price_oracle] Build: Tool Price Oracle
quota probe: "content" (OK)
=== 2026-08-23T20:29:36Z ===
Board: unbundled (19 other boards — `hermes kanban boards list`)

✓ t_0d668f8d  done      builder               [email_verify_arbitrage] Build: Email Verify Price Arbitrage
✓ t_08478fcc  done      builder               [tool_price_oracle] Build: Tool Price Oracle
quota probe: no-response (LIMITED)
=== 2026-08-23T20:31:48Z ===
Board: unbundled (19 other boards — `hermes kanban boards list`)

✓ t_0d668f8d  done      builder               [email_verify_arbitrage] Build: Email Verify Price Arbitrage
✓ t_08478fcc  done      builder               [tool_price_oracle] Build: Tool Price Oracle
quota probe: no-response (LIMITED)
=== 2026-08-23T20:34:01Z ===
Board: unbundled (19 other boards — `hermes kanban boards list`)

✓ t_0d668f8d  done      builder               [email_verify_arbitrage] Build: Email Verify Price Arbitrage
✓ t_08478fcc  done      builder               [tool_price_oracle] Build: Tool Price Oracle
quota probe: "content" (OK)
=== 2026-08-23T20:36:05Z ===
Board: unbundled (19 other boards — `hermes kanban boards list`)

✓ t_0d668f8d  done      builder               [email_verify_arbitrage] Build: Email Verify Price Arbitrage
✓ t_08478fcc  done      builder               [tool_price_oracle] Build: Tool Price Oracle
quota probe: no-response (LIMITED)
=== 2026-08-23T20:38:06Z ===
Board: unbundled (19 other boards — `hermes kanban boards list`)

✓ t_0d668f8d  done      builder               [email_verify_arbitrage] Build: Email Verify Price Arbitrage
✓ t_08478fcc  done      builder               [tool_price_oracle] Build: Tool Price Oracle
quota probe: no-response (LIMITED)
=== 2026-08-23T20:40:18Z ===
Board: unbundled (19 other boards — `hermes kanban boards list`)

✓ t_0d668f8d  done      builder               [email_verify_arbitrage] Build: Email Verify Price Arbitrage
✓ t_08478fcc  done      builder               [tool_price_oracle] Build: Tool Price Oracle
quota probe: "content" (OK)
=== 2026-08-23T20:42:20Z ===
Board: unbundled (19 other boards — `hermes kanban boards list`)

✓ t_0d668f8d  done      builder               [email_verify_arbitrage] Build: Email Verify Price Arbitrage
✓ t_08478fcc  done      builder               [tool_price_oracle] Build: Tool Price Oracle
quota probe: no-response (LIMITED)
=== 2026-08-23T20:44:33Z ===
Board: unbundled (19 other boards — `hermes kanban boards list`)

✓ t_0d668f8d  done      builder               [email_verify_arbitrage] Build: Email Verify Price Arbitrage
✓ t_08478fcc  done      builder               [tool_price_oracle] Build: Tool Price Oracle
quota probe: no-response (LIMITED)
=== 2026-08-23T20:46:45Z ===
Board: unbundled (19 other boards — `hermes kanban boards list`)

✓ t_0d668f8d  done      builder               [email_verify_arbitrage] Build: Email Verify Price Arbitrage
✓ t_08478fcc  done      builder               [tool_price_oracle] Build: Tool Price Oracle
quota probe: no-response (LIMITED)
=== 2026-08-23T20:48:46Z ===
Board: unbundled (19 other boards — `hermes kanban boards list`)

✓ t_0d668f8d  done      builder               [email_verify_arbitrage] Build: Email Verify Price Arbitrage
✓ t_08478fcc  done      builder               [tool_price_oracle] Build: Tool Price Oracle
quota probe: no-response (LIMITED)
=== 2026-08-23T20:50:47Z ===
Board: unbundled (19 other boards — `hermes kanban boards list`)

✓ t_0d668f8d  done      builder               [email_verify_arbitrage] Build: Email Verify Price Arbitrage
✓ t_08478fcc  done      builder               [tool_price_oracle] Build: Tool Price Oracle
quota probe: no-response (LIMITED)
=== 2026-08-23T20:53:00Z ===
Board: unbundled (19 other boards — `hermes kanban boards list`)

✓ t_0d668f8d  done      builder               [email_verify_arbitrage] Build: Email Verify Price Arbitrage
✓ t_08478fcc  done      builder               [tool_price_oracle] Build: Tool Price Oracle
quota probe: no-response (LIMITED)
=== 2026-08-23T20:55:01Z ===
Board: unbundled (19 other boards — `hermes kanban boards list`)

✓ t_0d668f8d  done      builder               [email_verify_arbitrage] Build: Email Verify Price Arbitrage
✓ t_08478fcc  done      builder               [tool_price_oracle] Build: Tool Price Oracle
quota probe: no-response (LIMITED)
=== 2026-08-23T20:57:02Z ===
Board: unbundled (19 other boards — `hermes kanban boards list`)

✓ t_0d668f8d  done      builder               [email_verify_arbitrage] Build: Email Verify Price Arbitrage
✓ t_08478fcc  done      builder               [tool_price_oracle] Build: Tool Price Oracle
quota probe: no-response (LIMITED)
=== 2026-08-23T20:59:03Z ===
Board: unbundled (19 other boards — `hermes kanban boards list`)

✓ t_0d668f8d  done      builder               [email_verify_arbitrage] Build: Email Verify Price Arbitrage
✓ t_08478fcc  done      builder               [tool_price_oracle] Build: Tool Price Oracle
quota probe: no-response (LIMITED)
=== 2026-08-23T21:01:16Z ===
Board: unbundled (19 other boards — `hermes kanban boards list`)

✓ t_0d668f8d  done      builder               [email_verify_arbitrage] Build: Email Verify Price Arbitrage
✓ t_08478fcc  done      builder               [tool_price_oracle] Build: Tool Price Oracle
quota probe: no-response (LIMITED)
=== 2026-08-23T21:03:17Z ===
Board: unbundled (19 other boards — `hermes kanban boards list`)

✓ t_0d668f8d  done      builder               [email_verify_arbitrage] Build: Email Verify Price Arbitrage
✓ t_08478fcc  done      builder               [tool_price_oracle] Build: Tool Price Oracle
quota probe: no-response (LIMITED)
=== 2026-08-23T21:05:18Z ===
Board: unbundled (19 other boards — `hermes kanban boards list`)

✓ t_0d668f8d  done      builder               [email_verify_arbitrage] Build: Email Verify Price Arbitrage
✓ t_08478fcc  done      builder               [tool_price_oracle] Build: Tool Price Oracle
quota probe: no-response (LIMITED)
=== 2026-08-23T21:07:19Z ===
Board: unbundled (19 other boards — `hermes kanban boards list`)

✓ t_0d668f8d  done      builder               [email_verify_arbitrage] Build: Email Verify Price Arbitrage
✓ t_08478fcc  done      builder               [tool_price_oracle] Build: Tool Price Oracle
quota probe: no-response (LIMITED)
=== 2026-08-23T21:09:21Z ===
Board: unbundled (19 other boards — `hermes kanban boards list`)

✓ t_0d668f8d  done      builder               [email_verify_arbitrage] Build: Email Verify Price Arbitrage
✓ t_08478fcc  done      builder               [tool_price_oracle] Build: Tool Price Oracle
quota probe: no-response (LIMITED)
=== 2026-08-23T21:11:22Z ===
Board: unbundled (19 other boards — `hermes kanban boards list`)

✓ t_0d668f8d  done      builder               [email_verify_arbitrage] Build: Email Verify Price Arbitrage
✓ t_08478fcc  done      builder               [tool_price_oracle] Build: Tool Price Oracle
quota probe: "content" (OK)
=== 2026-08-23T21:13:25Z ===
Board: unbundled (19 other boards — `hermes kanban boards list`)

✓ t_0d668f8d  done      builder               [email_verify_arbitrage] Build: Email Verify Price Arbitrage
✓ t_08478fcc  done      builder               [tool_price_oracle] Build: Tool Price Oracle
quota probe: no-response (LIMITED)
=== 2026-08-23T21:15:37Z ===
Board: unbundled (19 other boards — `hermes kanban boards list`)

✓ t_0d668f8d  done      builder               [email_verify_arbitrage] Build: Email Verify Price Arbitrage
✓ t_08478fcc  done      builder               [tool_price_oracle] Build: Tool Price Oracle
quota probe: "content" (OK)
=== 2026-08-23T21:17:40Z ===
Board: unbundled (19 other boards — `hermes kanban boards list`)

✓ t_0d668f8d  done      builder               [email_verify_arbitrage] Build: Email Verify Price Arbitrage
✓ t_08478fcc  done      builder               [tool_price_oracle] Build: Tool Price Oracle
quota probe: no-response (LIMITED)
=== 2026-08-23T21:19:41Z ===
Board: unbundled (19 other boards — `hermes kanban boards list`)

✓ t_0d668f8d  done      builder               [email_verify_arbitrage] Build: Email Verify Price Arbitrage
✓ t_08478fcc  done      builder               [tool_price_oracle] Build: Tool Price Oracle
quota probe: no-response (LIMITED)
=== 2026-08-23T21:21:53Z ===
Board: unbundled (19 other boards — `hermes kanban boards list`)

✓ t_0d668f8d  done      builder               [email_verify_arbitrage] Build: Email Verify Price Arbitrage
✓ t_08478fcc  done      builder               [tool_price_oracle] Build: Tool Price Oracle
quota probe: no-response (LIMITED)
=== 2026-08-23T21:23:54Z ===
Board: unbundled (19 other boards — `hermes kanban boards list`)

✓ t_0d668f8d  done      builder               [email_verify_arbitrage] Build: Email Verify Price Arbitrage
✓ t_08478fcc  done      builder               [tool_price_oracle] Build: Tool Price Oracle
quota probe: no-response (LIMITED)
=== 2026-08-23T21:26:07Z ===
Board: unbundled (19 other boards — `hermes kanban boards list`)

✓ t_0d668f8d  done      builder               [email_verify_arbitrage] Build: Email Verify Price Arbitrage
✓ t_08478fcc  done      builder               [tool_price_oracle] Build: Tool Price Oracle
quota probe: no-response (LIMITED)
=== 2026-08-23T21:28:08Z ===
Board: unbundled (19 other boards — `hermes kanban boards list`)

✓ t_0d668f8d  done      builder               [email_verify_arbitrage] Build: Email Verify Price Arbitrage
✓ t_08478fcc  done      builder               [tool_price_oracle] Build: Tool Price Oracle
quota probe: no-response (LIMITED)
=== 2026-08-23T21:30:20Z ===
Board: unbundled (19 other boards — `hermes kanban boards list`)

✓ t_0d668f8d  done      builder               [email_verify_arbitrage] Build: Email Verify Price Arbitrage
✓ t_08478fcc  done      builder               [tool_price_oracle] Build: Tool Price Oracle
quota probe: "content" (OK)
=== 2026-08-23T21:32:23Z ===
Board: unbundled (19 other boards — `hermes kanban boards list`)

✓ t_0d668f8d  done      builder               [email_verify_arbitrage] Build: Email Verify Price Arbitrage
✓ t_08478fcc  done      builder               [tool_price_oracle] Build: Tool Price Oracle
quota probe: no-response (LIMITED)
=== 2026-08-23T21:34:35Z ===
Board: unbundled (19 other boards — `hermes kanban boards list`)

✓ t_0d668f8d  done      builder               [email_verify_arbitrage] Build: Email Verify Price Arbitrage
✓ t_08478fcc  done      builder               [tool_price_oracle] Build: Tool Price Oracle
quota probe: no-response (LIMITED)
=== 2026-08-23T21:36:47Z ===
Board: unbundled (19 other boards — `hermes kanban boards list`)

✓ t_0d668f8d  done      builder               [email_verify_arbitrage] Build: Email Verify Price Arbitrage
✓ t_08478fcc  done      builder               [tool_price_oracle] Build: Tool Price Oracle
quota probe: no-response (LIMITED)
=== 2026-08-23T21:39:00Z ===
Board: unbundled (19 other boards — `hermes kanban boards list`)

✓ t_0d668f8d  done      builder               [email_verify_arbitrage] Build: Email Verify Price Arbitrage
✓ t_08478fcc  done      builder               [tool_price_oracle] Build: Tool Price Oracle
quota probe: "content" (OK)
=== 2026-08-23T21:41:06Z ===
Board: unbundled (19 other boards — `hermes kanban boards list`)

✓ t_0d668f8d  done      builder               [email_verify_arbitrage] Build: Email Verify Price Arbitrage
✓ t_08478fcc  done      builder               [tool_price_oracle] Build: Tool Price Oracle
quota probe: no-response (LIMITED)
=== 2026-08-23T21:43:19Z ===
Board: unbundled (19 other boards — `hermes kanban boards list`)

✓ t_0d668f8d  done      builder               [email_verify_arbitrage] Build: Email Verify Price Arbitrage
✓ t_08478fcc  done      builder               [tool_price_oracle] Build: Tool Price Oracle
quota probe: "content" (OK)
=== 2026-08-23T21:45:21Z ===
Board: unbundled (19 other boards — `hermes kanban boards list`)

✓ t_0d668f8d  done      builder               [email_verify_arbitrage] Build: Email Verify Price Arbitrage
✓ t_08478fcc  done      builder               [tool_price_oracle] Build: Tool Price Oracle
quota probe: no-response (LIMITED)
=== 2026-08-23T21:47:33Z ===
Board: unbundled (19 other boards — `hermes kanban boards list`)

✓ t_0d668f8d  done      builder               [email_verify_arbitrage] Build: Email Verify Price Arbitrage
✓ t_08478fcc  done      builder               [tool_price_oracle] Build: Tool Price Oracle
quota probe: no-response (LIMITED)
=== 2026-08-23T21:49:46Z ===
Board: unbundled (19 other boards — `hermes kanban boards list`)

✓ t_0d668f8d  done      builder               [email_verify_arbitrage] Build: Email Verify Price Arbitrage
✓ t_08478fcc  done      builder               [tool_price_oracle] Build: Tool Price Oracle
quota probe: "content" (OK)
=== 2026-08-23T21:51:48Z ===
Board: unbundled (19 other boards — `hermes kanban boards list`)

✓ t_0d668f8d  done      builder               [email_verify_arbitrage] Build: Email Verify Price Arbitrage
✓ t_08478fcc  done      builder               [tool_price_oracle] Build: Tool Price Oracle
quota probe: no-response (LIMITED)
=== 2026-08-23T21:54:00Z ===
Board: unbundled (19 other boards — `hermes kanban boards list`)

✓ t_0d668f8d  done      builder               [email_verify_arbitrage] Build: Email Verify Price Arbitrage
✓ t_08478fcc  done      builder               [tool_price_oracle] Build: Tool Price Oracle
quota probe: no-response (LIMITED)
=== 2026-08-23T21:56:01Z ===
Board: unbundled (19 other boards — `hermes kanban boards list`)

✓ t_0d668f8d  done      builder               [email_verify_arbitrage] Build: Email Verify Price Arbitrage
✓ t_08478fcc  done      builder               [tool_price_oracle] Build: Tool Price Oracle
quota probe: "content" (OK)
=== 2026-08-23T21:58:04Z ===
Board: unbundled (19 other boards — `hermes kanban boards list`)

✓ t_0d668f8d  done      builder               [email_verify_arbitrage] Build: Email Verify Price Arbitrage
✓ t_08478fcc  done      builder               [tool_price_oracle] Build: Tool Price Oracle
quota probe: no-response (LIMITED)
=== 2026-08-23T22:00:16Z ===
Board: unbundled (19 other boards — `hermes kanban boards list`)

✓ t_0d668f8d  done      builder               [email_verify_arbitrage] Build: Email Verify Price Arbitrage
✓ t_08478fcc  done      builder               [tool_price_oracle] Build: Tool Price Oracle
quota probe: "content" (OK)
=== 2026-08-23T22:02:21Z ===
Board: unbundled (19 other boards — `hermes kanban boards list`)

✓ t_0d668f8d  done      builder               [email_verify_arbitrage] Build: Email Verify Price Arbitrage
✓ t_08478fcc  done      builder               [tool_price_oracle] Build: Tool Price Oracle
quota probe: no-response (LIMITED)
=== 2026-08-23T22:04:33Z ===
Board: unbundled (19 other boards — `hermes kanban boards list`)

✓ t_0d668f8d  done      builder               [email_verify_arbitrage] Build: Email Verify Price Arbitrage
✓ t_08478fcc  done      builder               [tool_price_oracle] Build: Tool Price Oracle
quota probe: no-response (LIMITED)
=== 2026-08-23T22:06:34Z ===
Board: unbundled (19 other boards — `hermes kanban boards list`)

✓ t_0d668f8d  done      builder               [email_verify_arbitrage] Build: Email Verify Price Arbitrage
✓ t_08478fcc  done      builder               [tool_price_oracle] Build: Tool Price Oracle
quota probe: no-response (LIMITED)
=== 2026-08-23T22:08:36Z ===
Board: unbundled (19 other boards — `hermes kanban boards list`)

✓ t_0d668f8d  done      builder               [email_verify_arbitrage] Build: Email Verify Price Arbitrage
✓ t_08478fcc  done      builder               [tool_price_oracle] Build: Tool Price Oracle
quota probe: no-response (LIMITED)
=== 2026-08-23T22:10:48Z ===
Board: unbundled (19 other boards — `hermes kanban boards list`)

✓ t_0d668f8d  done      builder               [email_verify_arbitrage] Build: Email Verify Price Arbitrage
✓ t_08478fcc  done      builder               [tool_price_oracle] Build: Tool Price Oracle
quota probe: no-response (LIMITED)
=== 2026-08-23T22:12:49Z ===
Board: unbundled (19 other boards — `hermes kanban boards list`)

✓ t_0d668f8d  done      builder               [email_verify_arbitrage] Build: Email Verify Price Arbitrage
✓ t_08478fcc  done      builder               [tool_price_oracle] Build: Tool Price Oracle
quota probe: no-response (LIMITED)
=== 2026-08-23T22:14:51Z ===
Board: unbundled (19 other boards — `hermes kanban boards list`)

✓ t_0d668f8d  done      builder               [email_verify_arbitrage] Build: Email Verify Price Arbitrage
✓ t_08478fcc  done      builder               [tool_price_oracle] Build: Tool Price Oracle
quota probe: no-response (LIMITED)
=== 2026-08-23T22:16:52Z ===
Board: unbundled (19 other boards — `hermes kanban boards list`)

✓ t_0d668f8d  done      builder               [email_verify_arbitrage] Build: Email Verify Price Arbitrage
✓ t_08478fcc  done      builder               [tool_price_oracle] Build: Tool Price Oracle
quota probe: no-response (LIMITED)
=== 2026-08-23T22:19:04Z ===
Board: unbundled (19 other boards — `hermes kanban boards list`)

✓ t_0d668f8d  done      builder               [email_verify_arbitrage] Build: Email Verify Price Arbitrage
✓ t_08478fcc  done      builder               [tool_price_oracle] Build: Tool Price Oracle
quota probe: no-response (LIMITED)
=== 2026-08-23T22:21:16Z ===
Board: unbundled (19 other boards — `hermes kanban boards list`)

✓ t_0d668f8d  done      builder               [email_verify_arbitrage] Build: Email Verify Price Arbitrage
✓ t_08478fcc  done      builder               [tool_price_oracle] Build: Tool Price Oracle
quota probe: no-response (LIMITED)
=== 2026-08-23T22:23:18Z ===
Board: unbundled (19 other boards — `hermes kanban boards list`)

✓ t_0d668f8d  done      builder               [email_verify_arbitrage] Build: Email Verify Price Arbitrage
✓ t_08478fcc  done      builder               [tool_price_oracle] Build: Tool Price Oracle
quota probe: "content" (OK)
=== 2026-08-23T22:25:25Z ===
Board: unbundled (19 other boards — `hermes kanban boards list`)

✓ t_0d668f8d  done      builder               [email_verify_arbitrage] Build: Email Verify Price Arbitrage
✓ t_08478fcc  done      builder               [tool_price_oracle] Build: Tool Price Oracle
quota probe: no-response (LIMITED)
=== 2026-08-23T22:27:37Z ===
Board: unbundled (19 other boards — `hermes kanban boards list`)

✓ t_0d668f8d  done      builder               [email_verify_arbitrage] Build: Email Verify Price Arbitrage
✓ t_08478fcc  done      builder               [tool_price_oracle] Build: Tool Price Oracle
quota probe: no-response (LIMITED)
=== 2026-08-23T22:29:49Z ===
Board: unbundled (19 other boards — `hermes kanban boards list`)

✓ t_0d668f8d  done      builder               [email_verify_arbitrage] Build: Email Verify Price Arbitrage
✓ t_08478fcc  done      builder               [tool_price_oracle] Build: Tool Price Oracle
quota probe: no-response (LIMITED)
=== 2026-08-23T22:32:02Z ===
Board: unbundled (19 other boards — `hermes kanban boards list`)

✓ t_0d668f8d  done      builder               [email_verify_arbitrage] Build: Email Verify Price Arbitrage
✓ t_08478fcc  done      builder               [tool_price_oracle] Build: Tool Price Oracle
quota probe: "content" (OK)
=== 2026-08-23T22:34:08Z ===
Board: unbundled (19 other boards — `hermes kanban boards list`)

✓ t_0d668f8d  done      builder               [email_verify_arbitrage] Build: Email Verify Price Arbitrage
✓ t_08478fcc  done      builder               [tool_price_oracle] Build: Tool Price Oracle
quota probe: no-response (LIMITED)
=== 2026-08-23T22:36:20Z ===
Board: unbundled (19 other boards — `hermes kanban boards list`)

✓ t_0d668f8d  done      builder               [email_verify_arbitrage] Build: Email Verify Price Arbitrage
✓ t_08478fcc  done      builder               [tool_price_oracle] Build: Tool Price Oracle
quota probe: "content" (OK)
=== 2026-08-23T22:38:29Z ===
Board: unbundled (19 other boards — `hermes kanban boards list`)

✓ t_0d668f8d  done      builder               [email_verify_arbitrage] Build: Email Verify Price Arbitrage
✓ t_08478fcc  done      builder               [tool_price_oracle] Build: Tool Price Oracle
quota probe: no-response (LIMITED)
=== 2026-08-23T22:40:41Z ===
Board: unbundled (19 other boards — `hermes kanban boards list`)

✓ t_0d668f8d  done      builder               [email_verify_arbitrage] Build: Email Verify Price Arbitrage
✓ t_08478fcc  done      builder               [tool_price_oracle] Build: Tool Price Oracle
quota probe: no-response (LIMITED)
=== 2026-08-23T22:42:53Z ===
Board: unbundled (19 other boards — `hermes kanban boards list`)

✓ t_0d668f8d  done      builder               [email_verify_arbitrage] Build: Email Verify Price Arbitrage
✓ t_08478fcc  done      builder               [tool_price_oracle] Build: Tool Price Oracle
quota probe: no-response (LIMITED)
=== 2026-08-23T22:45:06Z ===
Board: unbundled (19 other boards — `hermes kanban boards list`)

✓ t_0d668f8d  done      builder               [email_verify_arbitrage] Build: Email Verify Price Arbitrage
✓ t_08478fcc  done      builder               [tool_price_oracle] Build: Tool Price Oracle
quota probe: no-response (LIMITED)
=== 2026-08-23T22:47:07Z ===
Board: unbundled (19 other boards — `hermes kanban boards list`)

✓ t_0d668f8d  done      builder               [email_verify_arbitrage] Build: Email Verify Price Arbitrage
✓ t_08478fcc  done      builder               [tool_price_oracle] Build: Tool Price Oracle
quota probe: no-response (LIMITED)
=== 2026-08-23T22:49:08Z ===
Board: unbundled (19 other boards — `hermes kanban boards list`)

✓ t_0d668f8d  done      builder               [email_verify_arbitrage] Build: Email Verify Price Arbitrage
✓ t_08478fcc  done      builder               [tool_price_oracle] Build: Tool Price Oracle
quota probe: no-response (LIMITED)
=== 2026-08-23T22:51:21Z ===
Board: unbundled (19 other boards — `hermes kanban boards list`)

✓ t_0d668f8d  done      builder               [email_verify_arbitrage] Build: Email Verify Price Arbitrage
✓ t_08478fcc  done      builder               [tool_price_oracle] Build: Tool Price Oracle
quota probe: no-response (LIMITED)
=== 2026-08-23T22:53:33Z ===
Board: unbundled (19 other boards — `hermes kanban boards list`)

✓ t_0d668f8d  done      builder               [email_verify_arbitrage] Build: Email Verify Price Arbitrage
✓ t_08478fcc  done      builder               [tool_price_oracle] Build: Tool Price Oracle
quota probe: no-response (LIMITED)
=== 2026-08-23T22:55:45Z ===
Board: unbundled (19 other boards — `hermes kanban boards list`)

✓ t_0d668f8d  done      builder               [email_verify_arbitrage] Build: Email Verify Price Arbitrage
✓ t_08478fcc  done      builder               [tool_price_oracle] Build: Tool Price Oracle
quota probe: no-response (LIMITED)
=== 2026-08-23T22:57:47Z ===
Board: unbundled (19 other boards — `hermes kanban boards list`)

✓ t_0d668f8d  done      builder               [email_verify_arbitrage] Build: Email Verify Price Arbitrage
✓ t_08478fcc  done      builder               [tool_price_oracle] Build: Tool Price Oracle
quota probe: no-response (LIMITED)
=== 2026-08-23T22:59:48Z ===
Board: unbundled (19 other boards — `hermes kanban boards list`)

✓ t_0d668f8d  done      builder               [email_verify_arbitrage] Build: Email Verify Price Arbitrage
✓ t_08478fcc  done      builder               [tool_price_oracle] Build: Tool Price Oracle
quota probe: no-response (LIMITED)
=== 2026-08-23T23:02:00Z ===
Board: unbundled (19 other boards — `hermes kanban boards list`)

✓ t_0d668f8d  done      builder               [email_verify_arbitrage] Build: Email Verify Price Arbitrage
✓ t_08478fcc  done      builder               [tool_price_oracle] Build: Tool Price Oracle
quota probe: no-response (LIMITED)
=== 2026-08-23T23:04:13Z ===
Board: unbundled (19 other boards — `hermes kanban boards list`)

✓ t_0d668f8d  done      builder               [email_verify_arbitrage] Build: Email Verify Price Arbitrage
✓ t_08478fcc  done      builder               [tool_price_oracle] Build: Tool Price Oracle
quota probe: no-response (LIMITED)
=== 2026-08-23T23:06:14Z ===
Board: unbundled (19 other boards — `hermes kanban boards list`)

✓ t_0d668f8d  done      builder               [email_verify_arbitrage] Build: Email Verify Price Arbitrage
✓ t_08478fcc  done      builder               [tool_price_oracle] Build: Tool Price Oracle
quota probe: no-response (LIMITED)
=== 2026-08-23T23:08:26Z ===
Board: unbundled (19 other boards — `hermes kanban boards list`)

✓ t_0d668f8d  done      builder               [email_verify_arbitrage] Build: Email Verify Price Arbitrage
✓ t_08478fcc  done      builder               [tool_price_oracle] Build: Tool Price Oracle
quota probe: no-response (LIMITED)
=== 2026-08-23T23:10:28Z ===
Board: unbundled (19 other boards — `hermes kanban boards list`)

✓ t_0d668f8d  done      builder               [email_verify_arbitrage] Build: Email Verify Price Arbitrage
✓ t_08478fcc  done      builder               [tool_price_oracle] Build: Tool Price Oracle
quota probe: no-response (LIMITED)
=== 2026-08-23T23:12:40Z ===
Board: unbundled (19 other boards — `hermes kanban boards list`)

✓ t_0d668f8d  done      builder               [email_verify_arbitrage] Build: Email Verify Price Arbitrage
✓ t_08478fcc  done      builder               [tool_price_oracle] Build: Tool Price Oracle
quota probe: no-response (LIMITED)
=== 2026-08-23T23:14:52Z ===
Board: unbundled (19 other boards — `hermes kanban boards list`)

✓ t_0d668f8d  done      builder               [email_verify_arbitrage] Build: Email Verify Price Arbitrage
✓ t_08478fcc  done      builder               [tool_price_oracle] Build: Tool Price Oracle
quota probe: no-response (LIMITED)
=== 2026-08-23T23:17:05Z ===
Board: unbundled (19 other boards — `hermes kanban boards list`)

✓ t_0d668f8d  done      builder               [email_verify_arbitrage] Build: Email Verify Price Arbitrage
✓ t_08478fcc  done      builder               [tool_price_oracle] Build: Tool Price Oracle
quota probe: no-response (LIMITED)
=== 2026-08-23T23:19:06Z ===
Board: unbundled (19 other boards — `hermes kanban boards list`)

✓ t_0d668f8d  done      builder               [email_verify_arbitrage] Build: Email Verify Price Arbitrage
✓ t_08478fcc  done      builder               [tool_price_oracle] Build: Tool Price Oracle
quota probe: no-response (LIMITED)
=== 2026-08-23T23:21:18Z ===
Board: unbundled (19 other boards — `hermes kanban boards list`)

✓ t_0d668f8d  done      builder               [email_verify_arbitrage] Build: Email Verify Price Arbitrage
✓ t_08478fcc  done      builder               [tool_price_oracle] Build: Tool Price Oracle
quota probe: no-response (LIMITED)
=== 2026-08-23T23:23:20Z ===
Board: unbundled (19 other boards — `hermes kanban boards list`)

✓ t_0d668f8d  done      builder               [email_verify_arbitrage] Build: Email Verify Price Arbitrage
✓ t_08478fcc  done      builder               [tool_price_oracle] Build: Tool Price Oracle
quota probe: no-response (LIMITED)
=== 2026-08-23T23:25:21Z ===
Board: unbundled (19 other boards — `hermes kanban boards list`)

✓ t_0d668f8d  done      builder               [email_verify_arbitrage] Build: Email Verify Price Arbitrage
✓ t_08478fcc  done      builder               [tool_price_oracle] Build: Tool Price Oracle
quota probe: no-response (LIMITED)
=== 2026-08-23T23:27:22Z ===
Board: unbundled (19 other boards — `hermes kanban boards list`)

✓ t_0d668f8d  done      builder               [email_verify_arbitrage] Build: Email Verify Price Arbitrage
✓ t_08478fcc  done      builder               [tool_price_oracle] Build: Tool Price Oracle
quota probe: no-response (LIMITED)
=== 2026-08-23T23:29:23Z ===
Board: unbundled (19 other boards — `hermes kanban boards list`)

✓ t_0d668f8d  done      builder               [email_verify_arbitrage] Build: Email Verify Price Arbitrage
✓ t_08478fcc  done      builder               [tool_price_oracle] Build: Tool Price Oracle
quota probe: "content" (OK)
=== 2026-08-23T23:31:34Z ===
Board: unbundled (19 other boards — `hermes kanban boards list`)

✓ t_0d668f8d  done      builder               [email_verify_arbitrage] Build: Email Verify Price Arbitrage
✓ t_08478fcc  done      builder               [tool_price_oracle] Build: Tool Price Oracle
quota probe: no-response (LIMITED)
=== 2026-08-23T23:33:36Z ===
Board: unbundled (19 other boards — `hermes kanban boards list`)

✓ t_0d668f8d  done      builder               [email_verify_arbitrage] Build: Email Verify Price Arbitrage
✓ t_08478fcc  done      builder               [tool_price_oracle] Build: Tool Price Oracle
quota probe: no-response (LIMITED)
=== 2026-08-23T23:35:37Z ===
Board: unbundled (19 other boards — `hermes kanban boards list`)

✓ t_0d668f8d  done      builder               [email_verify_arbitrage] Build: Email Verify Price Arbitrage
✓ t_08478fcc  done      builder               [tool_price_oracle] Build: Tool Price Oracle
quota probe: no-response (LIMITED)
=== 2026-08-23T23:37:49Z ===
Board: unbundled (19 other boards — `hermes kanban boards list`)

✓ t_0d668f8d  done      builder               [email_verify_arbitrage] Build: Email Verify Price Arbitrage
✓ t_08478fcc  done      builder               [tool_price_oracle] Build: Tool Price Oracle
quota probe: no-response (LIMITED)
=== 2026-08-23T23:40:02Z ===
Board: unbundled (19 other boards — `hermes kanban boards list`)

✓ t_0d668f8d  done      builder               [email_verify_arbitrage] Build: Email Verify Price Arbitrage
✓ t_08478fcc  done      builder               [tool_price_oracle] Build: Tool Price Oracle
quota probe: no-response (LIMITED)
=== 2026-08-23T23:42:03Z ===
Board: unbundled (19 other boards — `hermes kanban boards list`)

✓ t_0d668f8d  done      builder               [email_verify_arbitrage] Build: Email Verify Price Arbitrage
✓ t_08478fcc  done      builder               [tool_price_oracle] Build: Tool Price Oracle
quota probe: no-response (LIMITED)
=== 2026-08-23T23:44:04Z ===
Board: unbundled (19 other boards — `hermes kanban boards list`)

✓ t_0d668f8d  done      builder               [email_verify_arbitrage] Build: Email Verify Price Arbitrage
✓ t_08478fcc  done      builder               [tool_price_oracle] Build: Tool Price Oracle
quota probe: no-response (LIMITED)
=== 2026-08-23T23:46:05Z ===
Board: unbundled (19 other boards — `hermes kanban boards list`)

✓ t_0d668f8d  done      builder               [email_verify_arbitrage] Build: Email Verify Price Arbitrage
✓ t_08478fcc  done      builder               [tool_price_oracle] Build: Tool Price Oracle
quota probe: no-response (LIMITED)
=== 2026-08-23T23:48:18Z ===
Board: unbundled (19 other boards — `hermes kanban boards list`)

✓ t_0d668f8d  done      builder               [email_verify_arbitrage] Build: Email Verify Price Arbitrage
✓ t_08478fcc  done      builder               [tool_price_oracle] Build: Tool Price Oracle
quota probe: no-response (LIMITED)
=== 2026-08-23T23:50:30Z ===
Board: unbundled (19 other boards — `hermes kanban boards list`)

✓ t_0d668f8d  done      builder               [email_verify_arbitrage] Build: Email Verify Price Arbitrage
✓ t_08478fcc  done      builder               [tool_price_oracle] Build: Tool Price Oracle
quota probe: no-response (LIMITED)
=== 2026-08-23T23:52:32Z ===
Board: unbundled (19 other boards — `hermes kanban boards list`)

✓ t_0d668f8d  done      builder               [email_verify_arbitrage] Build: Email Verify Price Arbitrage
✓ t_08478fcc  done      builder               [tool_price_oracle] Build: Tool Price Oracle
quota probe: no-response (LIMITED)
=== 2026-08-23T23:54:33Z ===
Board: unbundled (19 other boards — `hermes kanban boards list`)

✓ t_0d668f8d  done      builder               [email_verify_arbitrage] Build: Email Verify Price Arbitrage
✓ t_08478fcc  done      builder               [tool_price_oracle] Build: Tool Price Oracle
quota probe: no-response (LIMITED)
=== 2026-08-23T23:56:34Z ===
Board: unbundled (19 other boards — `hermes kanban boards list`)

✓ t_0d668f8d  done      builder               [email_verify_arbitrage] Build: Email Verify Price Arbitrage
✓ t_08478fcc  done      builder               [tool_price_oracle] Build: Tool Price Oracle
quota probe: no-response (LIMITED)
=== 2026-08-23T23:58:46Z ===
Board: unbundled (19 other boards — `hermes kanban boards list`)

✓ t_0d668f8d  done      builder               [email_verify_arbitrage] Build: Email Verify Price Arbitrage
✓ t_08478fcc  done      builder               [tool_price_oracle] Build: Tool Price Oracle
quota probe: "content" (OK)
=== 2026-08-24T00:00:57Z ===
Board: unbundled (19 other boards — `hermes kanban boards list`)

✓ t_0d668f8d  done      builder               [email_verify_arbitrage] Build: Email Verify Price Arbitrage
✓ t_08478fcc  done      builder               [tool_price_oracle] Build: Tool Price Oracle
quota probe: "content" (OK)
=== 2026-08-24T00:02:59Z ===
Board: unbundled (19 other boards — `hermes kanban boards list`)

✓ t_0d668f8d  done      builder               [email_verify_arbitrage] Build: Email Verify Price Arbitrage
✓ t_08478fcc  done      builder               [tool_price_oracle] Build: Tool Price Oracle
quota probe: no-response (LIMITED)
=== 2026-08-24T00:05:01Z ===
Board: unbundled (19 other boards — `hermes kanban boards list`)

✓ t_0d668f8d  done      builder               [email_verify_arbitrage] Build: Email Verify Price Arbitrage
✓ t_08478fcc  done      builder               [tool_price_oracle] Build: Tool Price Oracle
quota probe: no-response (LIMITED)
=== 2026-08-24T00:07:02Z ===
Board: unbundled (19 other boards — `hermes kanban boards list`)

✓ t_0d668f8d  done      builder               [email_verify_arbitrage] Build: Email Verify Price Arbitrage
✓ t_08478fcc  done      builder               [tool_price_oracle] Build: Tool Price Oracle
quota probe: no-response (LIMITED)
=== 2026-08-24T00:09:03Z ===
Board: unbundled (19 other boards — `hermes kanban boards list`)

✓ t_0d668f8d  done      builder               [email_verify_arbitrage] Build: Email Verify Price Arbitrage
✓ t_08478fcc  done      builder               [tool_price_oracle] Build: Tool Price Oracle
quota probe: "content" (OK)
=== 2026-08-24T00:11:05Z ===
Board: unbundled (19 other boards — `hermes kanban boards list`)

✓ t_0d668f8d  done      builder               [email_verify_arbitrage] Build: Email Verify Price Arbitrage
✓ t_08478fcc  done      builder               [tool_price_oracle] Build: Tool Price Oracle
quota probe: no-response (LIMITED)
=== 2026-08-24T00:13:06Z ===
Board: unbundled (19 other boards — `hermes kanban boards list`)

✓ t_0d668f8d  done      builder               [email_verify_arbitrage] Build: Email Verify Price Arbitrage
✓ t_08478fcc  done      builder               [tool_price_oracle] Build: Tool Price Oracle
quota probe: no-response (LIMITED)
=== 2026-08-24T00:15:19Z ===
Board: unbundled (19 other boards — `hermes kanban boards list`)

✓ t_0d668f8d  done      builder               [email_verify_arbitrage] Build: Email Verify Price Arbitrage
✓ t_08478fcc  done      builder               [tool_price_oracle] Build: Tool Price Oracle
quota probe: no-response (LIMITED)
=== 2026-08-24T00:17:20Z ===
Board: unbundled (19 other boards — `hermes kanban boards list`)

✓ t_0d668f8d  done      builder               [email_verify_arbitrage] Build: Email Verify Price Arbitrage
✓ t_08478fcc  done      builder               [tool_price_oracle] Build: Tool Price Oracle
quota probe: no-response (LIMITED)
=== 2026-08-24T00:19:32Z ===
Board: unbundled (19 other boards — `hermes kanban boards list`)

✓ t_0d668f8d  done      builder               [email_verify_arbitrage] Build: Email Verify Price Arbitrage
✓ t_08478fcc  done      builder               [tool_price_oracle] Build: Tool Price Oracle
quota probe: no-response (LIMITED)
=== 2026-08-24T00:21:34Z ===
Board: unbundled (19 other boards — `hermes kanban boards list`)

✓ t_0d668f8d  done      builder               [email_verify_arbitrage] Build: Email Verify Price Arbitrage
✓ t_08478fcc  done      builder               [tool_price_oracle] Build: Tool Price Oracle
quota probe: no-response (LIMITED)
=== 2026-08-24T00:23:36Z ===
Board: unbundled (19 other boards — `hermes kanban boards list`)

✓ t_0d668f8d  done      builder               [email_verify_arbitrage] Build: Email Verify Price Arbitrage
✓ t_08478fcc  done      builder               [tool_price_oracle] Build: Tool Price Oracle
quota probe: "content" (OK)
=== 2026-08-24T00:25:38Z ===
Board: unbundled (19 other boards — `hermes kanban boards list`)

✓ t_0d668f8d  done      builder               [email_verify_arbitrage] Build: Email Verify Price Arbitrage
✓ t_08478fcc  done      builder               [tool_price_oracle] Build: Tool Price Oracle
quota probe: no-response (LIMITED)
=== 2026-08-24T00:27:39Z ===
Board: unbundled (19 other boards — `hermes kanban boards list`)

✓ t_0d668f8d  done      builder               [email_verify_arbitrage] Build: Email Verify Price Arbitrage
✓ t_08478fcc  done      builder               [tool_price_oracle] Build: Tool Price Oracle
quota probe: no-response (LIMITED)
=== 2026-08-24T00:29:40Z ===
Board: unbundled (19 other boards — `hermes kanban boards list`)

✓ t_0d668f8d  done      builder               [email_verify_arbitrage] Build: Email Verify Price Arbitrage
✓ t_08478fcc  done      builder               [tool_price_oracle] Build: Tool Price Oracle
quota probe: no-response (LIMITED)
=== 2026-08-24T00:31:42Z ===
Board: unbundled (19 other boards — `hermes kanban boards list`)

✓ t_0d668f8d  done      builder               [email_verify_arbitrage] Build: Email Verify Price Arbitrage
✓ t_08478fcc  done      builder               [tool_price_oracle] Build: Tool Price Oracle
quota probe: no-response (LIMITED)
=== 2026-08-24T00:33:43Z ===
Board: unbundled (19 other boards — `hermes kanban boards list`)

✓ t_0d668f8d  done      builder               [email_verify_arbitrage] Build: Email Verify Price Arbitrage
✓ t_08478fcc  done      builder               [tool_price_oracle] Build: Tool Price Oracle
quota probe: no-response (LIMITED)
=== 2026-08-24T00:35:44Z ===
Board: unbundled (19 other boards — `hermes kanban boards list`)

✓ t_0d668f8d  done      builder               [email_verify_arbitrage] Build: Email Verify Price Arbitrage
✓ t_08478fcc  done      builder               [tool_price_oracle] Build: Tool Price Oracle
quota probe: no-response (LIMITED)
=== 2026-08-24T00:37:56Z ===
Board: unbundled (19 other boards — `hermes kanban boards list`)

✓ t_0d668f8d  done      builder               [email_verify_arbitrage] Build: Email Verify Price Arbitrage
✓ t_08478fcc  done      builder               [tool_price_oracle] Build: Tool Price Oracle
quota probe: no-response (LIMITED)
=== 2026-08-24T00:40:09Z ===
Board: unbundled (19 other boards — `hermes kanban boards list`)

✓ t_0d668f8d  done      builder               [email_verify_arbitrage] Build: Email Verify Price Arbitrage
✓ t_08478fcc  done      builder               [tool_price_oracle] Build: Tool Price Oracle
quota probe: no-response (LIMITED)
=== 2026-08-24T00:42:21Z ===
Board: unbundled (19 other boards — `hermes kanban boards list`)

✓ t_0d668f8d  done      builder               [email_verify_arbitrage] Build: Email Verify Price Arbitrage
✓ t_08478fcc  done      builder               [tool_price_oracle] Build: Tool Price Oracle
quota probe: no-response (LIMITED)
=== 2026-08-24T00:44:34Z ===
Board: unbundled (19 other boards — `hermes kanban boards list`)

✓ t_0d668f8d  done      builder               [email_verify_arbitrage] Build: Email Verify Price Arbitrage
✓ t_08478fcc  done      builder               [tool_price_oracle] Build: Tool Price Oracle
quota probe: no-response (LIMITED)
=== 2026-08-24T00:46:46Z ===
Board: unbundled (19 other boards — `hermes kanban boards list`)

✓ t_0d668f8d  done      builder               [email_verify_arbitrage] Build: Email Verify Price Arbitrage
✓ t_08478fcc  done      builder               [tool_price_oracle] Build: Tool Price Oracle
quota probe: no-response (LIMITED)
=== 2026-08-24T00:48:58Z ===
Board: unbundled (19 other boards — `hermes kanban boards list`)

✓ t_0d668f8d  done      builder               [email_verify_arbitrage] Build: Email Verify Price Arbitrage
✓ t_08478fcc  done      builder               [tool_price_oracle] Build: Tool Price Oracle
quota probe: no-response (LIMITED)
=== 2026-08-24T00:51:01Z ===
Board: unbundled (19 other boards — `hermes kanban boards list`)

✓ t_0d668f8d  done      builder               [email_verify_arbitrage] Build: Email Verify Price Arbitrage
✓ t_08478fcc  done      builder               [tool_price_oracle] Build: Tool Price Oracle
quota probe: no-response (LIMITED)
=== 2026-08-24T00:53:13Z ===
Board: unbundled (19 other boards — `hermes kanban boards list`)

✓ t_0d668f8d  done      builder               [email_verify_arbitrage] Build: Email Verify Price Arbitrage
✓ t_08478fcc  done      builder               [tool_price_oracle] Build: Tool Price Oracle
quota probe: no-response (LIMITED)
=== 2026-08-24T00:55:14Z ===
Board: unbundled (19 other boards — `hermes kanban boards list`)

✓ t_0d668f8d  done      builder               [email_verify_arbitrage] Build: Email Verify Price Arbitrage
✓ t_08478fcc  done      builder               [tool_price_oracle] Build: Tool Price Oracle
quota probe: no-response (LIMITED)
=== 2026-08-24T00:57:15Z ===
Board: unbundled (19 other boards — `hermes kanban boards list`)

✓ t_0d668f8d  done      builder               [email_verify_arbitrage] Build: Email Verify Price Arbitrage
✓ t_08478fcc  done      builder               [tool_price_oracle] Build: Tool Price Oracle
quota probe: no-response (LIMITED)
=== 2026-08-24T00:59:16Z ===
Board: unbundled (19 other boards — `hermes kanban boards list`)

✓ t_0d668f8d  done      builder               [email_verify_arbitrage] Build: Email Verify Price Arbitrage
✓ t_08478fcc  done      builder               [tool_price_oracle] Build: Tool Price Oracle
quota probe: no-response (LIMITED)
=== 2026-08-24T01:01:18Z ===
Board: unbundled (19 other boards — `hermes kanban boards list`)

✓ t_0d668f8d  done      builder               [email_verify_arbitrage] Build: Email Verify Price Arbitrage
✓ t_08478fcc  done      builder               [tool_price_oracle] Build: Tool Price Oracle
quota probe: "content" (OK)
=== 2026-08-24T01:03:20Z ===
Board: unbundled (19 other boards — `hermes kanban boards list`)

✓ t_0d668f8d  done      builder               [email_verify_arbitrage] Build: Email Verify Price Arbitrage
✓ t_08478fcc  done      builder               [tool_price_oracle] Build: Tool Price Oracle
quota probe: no-response (LIMITED)
=== 2026-08-24T01:05:21Z ===
Board: unbundled (19 other boards — `hermes kanban boards list`)

✓ t_0d668f8d  done      builder               [email_verify_arbitrage] Build: Email Verify Price Arbitrage
✓ t_08478fcc  done      builder               [tool_price_oracle] Build: Tool Price Oracle
quota probe: no-response (LIMITED)
=== 2026-08-24T01:07:33Z ===
Board: unbundled (19 other boards — `hermes kanban boards list`)

✓ t_0d668f8d  done      builder               [email_verify_arbitrage] Build: Email Verify Price Arbitrage
✓ t_08478fcc  done      builder               [tool_price_oracle] Build: Tool Price Oracle
quota probe: no-response (LIMITED)
=== 2026-08-24T01:09:46Z ===
Board: unbundled (19 other boards — `hermes kanban boards list`)

✓ t_0d668f8d  done      builder               [email_verify_arbitrage] Build: Email Verify Price Arbitrage
✓ t_08478fcc  done      builder               [tool_price_oracle] Build: Tool Price Oracle
quota probe: no-response (LIMITED)
=== 2026-08-24T01:11:58Z ===
Board: unbundled (19 other boards — `hermes kanban boards list`)

✓ t_0d668f8d  done      builder               [email_verify_arbitrage] Build: Email Verify Price Arbitrage
✓ t_08478fcc  done      builder               [tool_price_oracle] Build: Tool Price Oracle
quota probe: no-response (LIMITED)
=== 2026-08-24T01:14:11Z ===
Board: unbundled (19 other boards — `hermes kanban boards list`)

✓ t_0d668f8d  done      builder               [email_verify_arbitrage] Build: Email Verify Price Arbitrage
✓ t_08478fcc  done      builder               [tool_price_oracle] Build: Tool Price Oracle
quota probe: no-response (LIMITED)
=== 2026-08-24T01:16:12Z ===
Board: unbundled (19 other boards — `hermes kanban boards list`)

✓ t_0d668f8d  done      builder               [email_verify_arbitrage] Build: Email Verify Price Arbitrage
✓ t_08478fcc  done      builder               [tool_price_oracle] Build: Tool Price Oracle
quota probe: no-response (LIMITED)
=== 2026-08-24T01:18:13Z ===
Board: unbundled (19 other boards — `hermes kanban boards list`)

✓ t_0d668f8d  done      builder               [email_verify_arbitrage] Build: Email Verify Price Arbitrage
✓ t_08478fcc  done      builder               [tool_price_oracle] Build: Tool Price Oracle
quota probe: no-response (LIMITED)
=== 2026-08-24T01:20:14Z ===
Board: unbundled (19 other boards — `hermes kanban boards list`)

✓ t_0d668f8d  done      builder               [email_verify_arbitrage] Build: Email Verify Price Arbitrage
✓ t_08478fcc  done      builder               [tool_price_oracle] Build: Tool Price Oracle
quota probe: no-response (LIMITED)
=== 2026-08-24T01:22:16Z ===
Board: unbundled (19 other boards — `hermes kanban boards list`)

✓ t_0d668f8d  done      builder               [email_verify_arbitrage] Build: Email Verify Price Arbitrage
✓ t_08478fcc  done      builder               [tool_price_oracle] Build: Tool Price Oracle
quota probe: "content" (OK)
=== 2026-08-24T01:24:27Z ===
Board: unbundled (19 other boards — `hermes kanban boards list`)

✓ t_0d668f8d  done      builder               [email_verify_arbitrage] Build: Email Verify Price Arbitrage
✓ t_08478fcc  done      builder               [tool_price_oracle] Build: Tool Price Oracle
quota probe: no-response (LIMITED)
=== 2026-08-24T01:26:30Z ===
Board: unbundled (19 other boards — `hermes kanban boards list`)

✓ t_0d668f8d  done      builder               [email_verify_arbitrage] Build: Email Verify Price Arbitrage
✓ t_08478fcc  done      builder               [tool_price_oracle] Build: Tool Price Oracle
quota probe: no-response (LIMITED)
=== 2026-08-24T01:28:43Z ===
Board: unbundled (19 other boards — `hermes kanban boards list`)

✓ t_0d668f8d  done      builder               [email_verify_arbitrage] Build: Email Verify Price Arbitrage
✓ t_08478fcc  done      builder               [tool_price_oracle] Build: Tool Price Oracle
quota probe: no-response (LIMITED)
=== 2026-08-24T01:30:55Z ===
Board: unbundled (19 other boards — `hermes kanban boards list`)

✓ t_0d668f8d  done      builder               [email_verify_arbitrage] Build: Email Verify Price Arbitrage
✓ t_08478fcc  done      builder               [tool_price_oracle] Build: Tool Price Oracle
quota probe: no-response (LIMITED)
=== 2026-08-24T01:33:08Z ===
Board: unbundled (19 other boards — `hermes kanban boards list`)

✓ t_0d668f8d  done      builder               [email_verify_arbitrage] Build: Email Verify Price Arbitrage
✓ t_08478fcc  done      builder               [tool_price_oracle] Build: Tool Price Oracle
quota probe: no-response (LIMITED)
=== 2026-08-24T01:35:20Z ===
Board: unbundled (19 other boards — `hermes kanban boards list`)

✓ t_0d668f8d  done      builder               [email_verify_arbitrage] Build: Email Verify Price Arbitrage
✓ t_08478fcc  done      builder               [tool_price_oracle] Build: Tool Price Oracle
quota probe: "content" (OK)
=== 2026-08-24T01:37:23Z ===
Board: unbundled (19 other boards — `hermes kanban boards list`)

✓ t_0d668f8d  done      builder               [email_verify_arbitrage] Build: Email Verify Price Arbitrage
✓ t_08478fcc  done      builder               [tool_price_oracle] Build: Tool Price Oracle
quota probe: no-response (LIMITED)
=== 2026-08-24T01:39:24Z ===
Board: unbundled (19 other boards — `hermes kanban boards list`)

✓ t_0d668f8d  done      builder               [email_verify_arbitrage] Build: Email Verify Price Arbitrage
✓ t_08478fcc  done      builder               [tool_price_oracle] Build: Tool Price Oracle
quota probe: no-response (LIMITED)
=== 2026-08-24T01:41:36Z ===
Board: unbundled (19 other boards — `hermes kanban boards list`)

✓ t_0d668f8d  done      builder               [email_verify_arbitrage] Build: Email Verify Price Arbitrage
✓ t_08478fcc  done      builder               [tool_price_oracle] Build: Tool Price Oracle
quota probe: no-response (LIMITED)
=== 2026-08-24T01:43:38Z ===
Board: unbundled (19 other boards — `hermes kanban boards list`)

✓ t_0d668f8d  done      builder               [email_verify_arbitrage] Build: Email Verify Price Arbitrage
✓ t_08478fcc  done      builder               [tool_price_oracle] Build: Tool Price Oracle
quota probe: no-response (LIMITED)
=== 2026-08-24T01:45:39Z ===
Board: unbundled (19 other boards — `hermes kanban boards list`)

✓ t_0d668f8d  done      builder               [email_verify_arbitrage] Build: Email Verify Price Arbitrage
✓ t_08478fcc  done      builder               [tool_price_oracle] Build: Tool Price Oracle
quota probe: no-response (LIMITED)
=== 2026-08-24T01:47:40Z ===
Board: unbundled (19 other boards — `hermes kanban boards list`)

✓ t_0d668f8d  done      builder               [email_verify_arbitrage] Build: Email Verify Price Arbitrage
✓ t_08478fcc  done      builder               [tool_price_oracle] Build: Tool Price Oracle
quota probe: no-response (LIMITED)
=== 2026-08-24T01:49:41Z ===
Board: unbundled (19 other boards — `hermes kanban boards list`)

✓ t_0d668f8d  done      builder               [email_verify_arbitrage] Build: Email Verify Price Arbitrage
✓ t_08478fcc  done      builder               [tool_price_oracle] Build: Tool Price Oracle
quota probe: no-response (LIMITED)
=== 2026-08-24T01:51:43Z ===
Board: unbundled (19 other boards — `hermes kanban boards list`)

✓ t_0d668f8d  done      builder               [email_verify_arbitrage] Build: Email Verify Price Arbitrage
✓ t_08478fcc  done      builder               [tool_price_oracle] Build: Tool Price Oracle
quota probe: no-response (LIMITED)
=== 2026-08-24T01:53:44Z ===
Board: unbundled (19 other boards — `hermes kanban boards list`)

✓ t_0d668f8d  done      builder               [email_verify_arbitrage] Build: Email Verify Price Arbitrage
✓ t_08478fcc  done      builder               [tool_price_oracle] Build: Tool Price Oracle
quota probe: no-response (LIMITED)
=== 2026-08-24T01:55:56Z ===
Board: unbundled (19 other boards — `hermes kanban boards list`)

✓ t_0d668f8d  done      builder               [email_verify_arbitrage] Build: Email Verify Price Arbitrage
✓ t_08478fcc  done      builder               [tool_price_oracle] Build: Tool Price Oracle
quota probe: "content" (OK)
=== 2026-08-24T01:57:59Z ===
Board: unbundled (19 other boards — `hermes kanban boards list`)

✓ t_0d668f8d  done      builder               [email_verify_arbitrage] Build: Email Verify Price Arbitrage
✓ t_08478fcc  done      builder               [tool_price_oracle] Build: Tool Price Oracle
quota probe: "content" (OK)
=== 2026-08-24T02:00:01Z ===
Board: unbundled (19 other boards — `hermes kanban boards list`)

✓ t_0d668f8d  done      builder               [email_verify_arbitrage] Build: Email Verify Price Arbitrage
✓ t_08478fcc  done      builder               [tool_price_oracle] Build: Tool Price Oracle
quota probe: no-response (LIMITED)
=== 2026-08-24T02:02:14Z ===
Board: unbundled (19 other boards — `hermes kanban boards list`)

✓ t_0d668f8d  done      builder               [email_verify_arbitrage] Build: Email Verify Price Arbitrage
✓ t_08478fcc  done      builder               [tool_price_oracle] Build: Tool Price Oracle
quota probe: no-response (LIMITED)
=== 2026-08-24T02:04:26Z ===
Board: unbundled (19 other boards — `hermes kanban boards list`)

✓ t_0d668f8d  done      builder               [email_verify_arbitrage] Build: Email Verify Price Arbitrage
✓ t_08478fcc  done      builder               [tool_price_oracle] Build: Tool Price Oracle
quota probe: "content" (OK)
=== 2026-08-24T02:06:29Z ===
Board: unbundled (19 other boards — `hermes kanban boards list`)

✓ t_0d668f8d  done      builder               [email_verify_arbitrage] Build: Email Verify Price Arbitrage
✓ t_08478fcc  done      builder               [tool_price_oracle] Build: Tool Price Oracle
quota probe: no-response (LIMITED)
=== 2026-08-24T02:08:42Z ===
Board: unbundled (19 other boards — `hermes kanban boards list`)

✓ t_0d668f8d  done      builder               [email_verify_arbitrage] Build: Email Verify Price Arbitrage
✓ t_08478fcc  done      builder               [tool_price_oracle] Build: Tool Price Oracle
quota probe: no-response (LIMITED)
=== 2026-08-24T02:10:44Z ===
Board: unbundled (19 other boards — `hermes kanban boards list`)

✓ t_0d668f8d  done      builder               [email_verify_arbitrage] Build: Email Verify Price Arbitrage
✓ t_08478fcc  done      builder               [tool_price_oracle] Build: Tool Price Oracle
quota probe: "content" (OK)
=== 2026-08-24T02:12:46Z ===
Board: unbundled (19 other boards — `hermes kanban boards list`)

✓ t_0d668f8d  done      builder               [email_verify_arbitrage] Build: Email Verify Price Arbitrage
✓ t_08478fcc  done      builder               [tool_price_oracle] Build: Tool Price Oracle
quota probe: "content" (OK)
=== 2026-08-24T02:14:50Z ===
Board: unbundled (19 other boards — `hermes kanban boards list`)

✓ t_0d668f8d  done      builder               [email_verify_arbitrage] Build: Email Verify Price Arbitrage
✓ t_08478fcc  done      builder               [tool_price_oracle] Build: Tool Price Oracle
quota probe: no-response (LIMITED)
=== 2026-08-24T02:17:03Z ===
Board: unbundled (19 other boards — `hermes kanban boards list`)

✓ t_0d668f8d  done      builder               [email_verify_arbitrage] Build: Email Verify Price Arbitrage
✓ t_08478fcc  done      builder               [tool_price_oracle] Build: Tool Price Oracle
quota probe: no-response (LIMITED)
=== 2026-08-24T02:19:04Z ===
Board: unbundled (19 other boards — `hermes kanban boards list`)

✓ t_0d668f8d  done      builder               [email_verify_arbitrage] Build: Email Verify Price Arbitrage
✓ t_08478fcc  done      builder               [tool_price_oracle] Build: Tool Price Oracle
quota probe: "content" (OK)
=== 2026-08-24T02:21:06Z ===
Board: unbundled (19 other boards — `hermes kanban boards list`)

✓ t_0d668f8d  done      builder               [email_verify_arbitrage] Build: Email Verify Price Arbitrage
✓ t_08478fcc  done      builder               [tool_price_oracle] Build: Tool Price Oracle
quota probe: no-response (LIMITED)
=== 2026-08-24T02:23:18Z ===
Board: unbundled (19 other boards — `hermes kanban boards list`)

✓ t_0d668f8d  done      builder               [email_verify_arbitrage] Build: Email Verify Price Arbitrage
✓ t_08478fcc  done      builder               [tool_price_oracle] Build: Tool Price Oracle
quota probe: "content" (OK)
=== 2026-08-24T02:25:25Z ===
Board: unbundled (19 other boards — `hermes kanban boards list`)

✓ t_0d668f8d  done      builder               [email_verify_arbitrage] Build: Email Verify Price Arbitrage
✓ t_08478fcc  done      builder               [tool_price_oracle] Build: Tool Price Oracle
quota probe: "content" (OK)
=== 2026-08-24T02:27:35Z ===
Board: unbundled (19 other boards — `hermes kanban boards list`)

✓ t_0d668f8d  done      builder               [email_verify_arbitrage] Build: Email Verify Price Arbitrage
✓ t_08478fcc  done      builder               [tool_price_oracle] Build: Tool Price Oracle
quota probe: "content" (OK)
=== 2026-08-24T02:29:43Z ===
Board: unbundled (19 other boards — `hermes kanban boards list`)

✓ t_0d668f8d  done      builder               [email_verify_arbitrage] Build: Email Verify Price Arbitrage
✓ t_08478fcc  done      builder               [tool_price_oracle] Build: Tool Price Oracle
quota probe: "content" (OK)
=== 2026-08-24T02:31:45Z ===
Board: unbundled (19 other boards — `hermes kanban boards list`)

✓ t_0d668f8d  done      builder               [email_verify_arbitrage] Build: Email Verify Price Arbitrage
✓ t_08478fcc  done      builder               [tool_price_oracle] Build: Tool Price Oracle
quota probe: no-response (LIMITED)
=== 2026-08-24T02:33:58Z ===
Board: unbundled (19 other boards — `hermes kanban boards list`)

✓ t_0d668f8d  done      builder               [email_verify_arbitrage] Build: Email Verify Price Arbitrage
✓ t_08478fcc  done      builder               [tool_price_oracle] Build: Tool Price Oracle
quota probe: "content" (OK)
=== 2026-08-24T02:36:02Z ===
Board: unbundled (19 other boards — `hermes kanban boards list`)

✓ t_0d668f8d  done      builder               [email_verify_arbitrage] Build: Email Verify Price Arbitrage
✓ t_08478fcc  done      builder               [tool_price_oracle] Build: Tool Price Oracle
quota probe: "content" (OK)
=== 2026-08-24T02:38:04Z ===
Board: unbundled (19 other boards — `hermes kanban boards list`)

✓ t_0d668f8d  done      builder               [email_verify_arbitrage] Build: Email Verify Price Arbitrage
✓ t_08478fcc  done      builder               [tool_price_oracle] Build: Tool Price Oracle
quota probe: "content" (OK)
=== 2026-08-24T02:40:06Z ===
Board: unbundled (19 other boards — `hermes kanban boards list`)

✓ t_0d668f8d  done      builder               [email_verify_arbitrage] Build: Email Verify Price Arbitrage
✓ t_08478fcc  done      builder               [tool_price_oracle] Build: Tool Price Oracle
quota probe: "content" (OK)
=== 2026-08-24T02:42:08Z ===
Board: unbundled (19 other boards — `hermes kanban boards list`)

✓ t_0d668f8d  done      builder               [email_verify_arbitrage] Build: Email Verify Price Arbitrage
✓ t_08478fcc  done      builder               [tool_price_oracle] Build: Tool Price Oracle
quota probe: "content" (OK)
=== 2026-08-24T02:44:10Z ===
Board: unbundled (19 other boards — `hermes kanban boards list`)

✓ t_0d668f8d  done      builder               [email_verify_arbitrage] Build: Email Verify Price Arbitrage
✓ t_08478fcc  done      builder               [tool_price_oracle] Build: Tool Price Oracle
quota probe: "content" (OK)
=== 2026-08-24T02:46:13Z ===
Board: unbundled (19 other boards — `hermes kanban boards list`)

✓ t_0d668f8d  done      builder               [email_verify_arbitrage] Build: Email Verify Price Arbitrage
✓ t_08478fcc  done      builder               [tool_price_oracle] Build: Tool Price Oracle
quota probe: "content" (OK)
=== 2026-08-24T02:48:22Z ===
Board: unbundled (19 other boards — `hermes kanban boards list`)

✓ t_0d668f8d  done      builder               [email_verify_arbitrage] Build: Email Verify Price Arbitrage
✓ t_08478fcc  done      builder               [tool_price_oracle] Build: Tool Price Oracle
quota probe: "content" (OK)
=== 2026-08-24T02:50:24Z ===
Board: unbundled (19 other boards — `hermes kanban boards list`)

✓ t_0d668f8d  done      builder               [email_verify_arbitrage] Build: Email Verify Price Arbitrage
✓ t_08478fcc  done      builder               [tool_price_oracle] Build: Tool Price Oracle
quota probe: "content" (OK)
=== 2026-08-24T02:52:26Z ===
Board: unbundled (19 other boards — `hermes kanban boards list`)

✓ t_0d668f8d  done      builder               [email_verify_arbitrage] Build: Email Verify Price Arbitrage
✓ t_08478fcc  done      builder               [tool_price_oracle] Build: Tool Price Oracle
quota probe: "content" (OK)
=== 2026-08-24T02:54:29Z ===
Board: unbundled (20 other boards — `hermes kanban boards list`)

✓ t_0d668f8d  done      builder               [email_verify_arbitrage] Build: Email Verify Price Arbitrage
✓ t_08478fcc  done      builder               [tool_price_oracle] Build: Tool Price Oracle
quota probe: "content" (OK)
=== 2026-08-24T02:56:33Z ===
Board: unbundled (20 other boards — `hermes kanban boards list`)

✓ t_0d668f8d  done      builder               [email_verify_arbitrage] Build: Email Verify Price Arbitrage
✓ t_08478fcc  done      builder               [tool_price_oracle] Build: Tool Price Oracle
quota probe: "content" (OK)
=== 2026-08-24T02:58:36Z ===
Board: unbundled (20 other boards — `hermes kanban boards list`)

✓ t_0d668f8d  done      builder               [email_verify_arbitrage] Build: Email Verify Price Arbitrage
✓ t_08478fcc  done      builder               [tool_price_oracle] Build: Tool Price Oracle
quota probe: no-response (LIMITED)
=== 2026-08-24T03:00:48Z ===
Board: unbundled (20 other boards — `hermes kanban boards list`)

✓ t_0d668f8d  done      builder               [email_verify_arbitrage] Build: Email Verify Price Arbitrage
✓ t_08478fcc  done      builder               [tool_price_oracle] Build: Tool Price Oracle
quota probe: no-response (LIMITED)
=== 2026-08-24T03:03:00Z ===
Board: unbundled (20 other boards — `hermes kanban boards list`)

✓ t_0d668f8d  done      builder               [email_verify_arbitrage] Build: Email Verify Price Arbitrage
✓ t_08478fcc  done      builder               [tool_price_oracle] Build: Tool Price Oracle
quota probe: "content" (OK)
=== 2026-08-24T03:05:04Z ===
Board: unbundled (20 other boards — `hermes kanban boards list`)

✓ t_0d668f8d  done      builder               [email_verify_arbitrage] Build: Email Verify Price Arbitrage
✓ t_08478fcc  done      builder               [tool_price_oracle] Build: Tool Price Oracle
quota probe: "content" (OK)
=== 2026-08-24T03:07:06Z ===
Board: unbundled (20 other boards — `hermes kanban boards list`)

✓ t_0d668f8d  done      builder               [email_verify_arbitrage] Build: Email Verify Price Arbitrage
✓ t_08478fcc  done      builder               [tool_price_oracle] Build: Tool Price Oracle
quota probe: "content" (OK)
=== 2026-08-24T03:09:08Z ===
Board: unbundled (20 other boards — `hermes kanban boards list`)

✓ t_0d668f8d  done      builder               [email_verify_arbitrage] Build: Email Verify Price Arbitrage
✓ t_08478fcc  done      builder               [tool_price_oracle] Build: Tool Price Oracle
quota probe: "content" (OK)
=== 2026-08-24T03:11:10Z ===
Board: unbundled (20 other boards — `hermes kanban boards list`)

✓ t_0d668f8d  done      builder               [email_verify_arbitrage] Build: Email Verify Price Arbitrage
✓ t_08478fcc  done      builder               [tool_price_oracle] Build: Tool Price Oracle
quota probe: "content" (OK)
=== 2026-08-24T03:13:13Z ===
Board: unbundled (20 other boards — `hermes kanban boards list`)

✓ t_0d668f8d  done      builder               [email_verify_arbitrage] Build: Email Verify Price Arbitrage
✓ t_08478fcc  done      builder               [tool_price_oracle] Build: Tool Price Oracle
quota probe: "content" (OK)
=== 2026-08-24T03:15:17Z ===
Board: unbundled (20 other boards — `hermes kanban boards list`)

✓ t_0d668f8d  done      builder               [email_verify_arbitrage] Build: Email Verify Price Arbitrage
✓ t_08478fcc  done      builder               [tool_price_oracle] Build: Tool Price Oracle
quota probe: "content" (OK)
=== 2026-08-24T03:17:19Z ===
Board: unbundled (20 other boards — `hermes kanban boards list`)

✓ t_0d668f8d  done      builder               [email_verify_arbitrage] Build: Email Verify Price Arbitrage
✓ t_08478fcc  done      builder               [tool_price_oracle] Build: Tool Price Oracle
quota probe: "content" (OK)
=== 2026-08-24T03:19:31Z ===
Board: unbundled (20 other boards — `hermes kanban boards list`)

✓ t_0d668f8d  done      builder               [email_verify_arbitrage] Build: Email Verify Price Arbitrage
✓ t_08478fcc  done      builder               [tool_price_oracle] Build: Tool Price Oracle
quota probe: "content" (OK)
=== 2026-08-24T03:21:34Z ===
Board: unbundled (20 other boards — `hermes kanban boards list`)

✓ t_0d668f8d  done      builder               [email_verify_arbitrage] Build: Email Verify Price Arbitrage
✓ t_08478fcc  done      builder               [tool_price_oracle] Build: Tool Price Oracle
quota probe: "content" (OK)
=== 2026-08-24T03:23:37Z ===
Board: unbundled (20 other boards — `hermes kanban boards list`)

✓ t_0d668f8d  done      builder               [email_verify_arbitrage] Build: Email Verify Price Arbitrage
✓ t_08478fcc  done      builder               [tool_price_oracle] Build: Tool Price Oracle
quota probe: no-response (LIMITED)
=== 2026-08-24T03:25:49Z ===
Board: unbundled (20 other boards — `hermes kanban boards list`)

✓ t_0d668f8d  done      builder               [email_verify_arbitrage] Build: Email Verify Price Arbitrage
✓ t_08478fcc  done      builder               [tool_price_oracle] Build: Tool Price Oracle
quota probe: no-response (LIMITED)
=== 2026-08-24T03:28:02Z ===
Board: unbundled (20 other boards — `hermes kanban boards list`)

✓ t_0d668f8d  done      builder               [email_verify_arbitrage] Build: Email Verify Price Arbitrage
✓ t_08478fcc  done      builder               [tool_price_oracle] Build: Tool Price Oracle
quota probe: no-response (LIMITED)
=== 2026-08-24T03:30:14Z ===
Board: unbundled (20 other boards — `hermes kanban boards list`)

✓ t_0d668f8d  done      builder               [email_verify_arbitrage] Build: Email Verify Price Arbitrage
✓ t_08478fcc  done      builder               [tool_price_oracle] Build: Tool Price Oracle
quota probe: no-response (LIMITED)
=== 2026-08-24T03:32:26Z ===
Board: unbundled (20 other boards — `hermes kanban boards list`)

✓ t_0d668f8d  done      builder               [email_verify_arbitrage] Build: Email Verify Price Arbitrage
✓ t_08478fcc  done      builder               [tool_price_oracle] Build: Tool Price Oracle
quota probe: no-response (LIMITED)
=== 2026-08-24T03:34:39Z ===
Board: unbundled (20 other boards — `hermes kanban boards list`)

✓ t_0d668f8d  done      builder               [email_verify_arbitrage] Build: Email Verify Price Arbitrage
✓ t_08478fcc  done      builder               [tool_price_oracle] Build: Tool Price Oracle
quota probe: no-response (LIMITED)
=== 2026-08-24T03:36:51Z ===
Board: unbundled (20 other boards — `hermes kanban boards list`)

✓ t_0d668f8d  done      builder               [email_verify_arbitrage] Build: Email Verify Price Arbitrage
✓ t_08478fcc  done      builder               [tool_price_oracle] Build: Tool Price Oracle
quota probe: "content" (OK)
=== 2026-08-24T03:38:53Z ===
Board: unbundled (20 other boards — `hermes kanban boards list`)

✓ t_0d668f8d  done      builder               [email_verify_arbitrage] Build: Email Verify Price Arbitrage
✓ t_08478fcc  done      builder               [tool_price_oracle] Build: Tool Price Oracle
quota probe: "content" (OK)
=== 2026-08-24T03:40:55Z ===
Board: unbundled (20 other boards — `hermes kanban boards list`)

✓ t_0d668f8d  done      builder               [email_verify_arbitrage] Build: Email Verify Price Arbitrage
✓ t_08478fcc  done      builder               [tool_price_oracle] Build: Tool Price Oracle
quota probe: no-response (LIMITED)
=== 2026-08-24T03:43:07Z ===
Board: unbundled (20 other boards — `hermes kanban boards list`)

✓ t_0d668f8d  done      builder               [email_verify_arbitrage] Build: Email Verify Price Arbitrage
✓ t_08478fcc  done      builder               [tool_price_oracle] Build: Tool Price Oracle
quota probe: "content" (OK)
=== 2026-08-24T03:45:10Z ===
Board: unbundled (20 other boards — `hermes kanban boards list`)

✓ t_0d668f8d  done      builder               [email_verify_arbitrage] Build: Email Verify Price Arbitrage
✓ t_08478fcc  done      builder               [tool_price_oracle] Build: Tool Price Oracle
quota probe: "content" (OK)
=== 2026-08-24T03:47:12Z ===
Board: unbundled (20 other boards — `hermes kanban boards list`)

✓ t_0d668f8d  done      builder               [email_verify_arbitrage] Build: Email Verify Price Arbitrage
✓ t_08478fcc  done      builder               [tool_price_oracle] Build: Tool Price Oracle
quota probe: no-response (LIMITED)
=== 2026-08-24T03:49:25Z ===
Board: unbundled (20 other boards — `hermes kanban boards list`)

✓ t_0d668f8d  done      builder               [email_verify_arbitrage] Build: Email Verify Price Arbitrage
✓ t_08478fcc  done      builder               [tool_price_oracle] Build: Tool Price Oracle
quota probe: no-response (LIMITED)
=== 2026-08-24T03:51:26Z ===
Board: unbundled (20 other boards — `hermes kanban boards list`)

✓ t_0d668f8d  done      builder               [email_verify_arbitrage] Build: Email Verify Price Arbitrage
✓ t_08478fcc  done      builder               [tool_price_oracle] Build: Tool Price Oracle
quota probe: no-response (LIMITED)
=== 2026-08-24T03:53:27Z ===
Board: unbundled (20 other boards — `hermes kanban boards list`)

✓ t_0d668f8d  done      builder               [email_verify_arbitrage] Build: Email Verify Price Arbitrage
✓ t_08478fcc  done      builder               [tool_price_oracle] Build: Tool Price Oracle
quota probe: no-response (LIMITED)
=== 2026-08-24T03:55:28Z ===
Board: unbundled (20 other boards — `hermes kanban boards list`)

✓ t_0d668f8d  done      builder               [email_verify_arbitrage] Build: Email Verify Price Arbitrage
✓ t_08478fcc  done      builder               [tool_price_oracle] Build: Tool Price Oracle
quota probe: no-response (LIMITED)
=== 2026-08-24T03:57:41Z ===
Board: unbundled (20 other boards — `hermes kanban boards list`)

✓ t_0d668f8d  done      builder               [email_verify_arbitrage] Build: Email Verify Price Arbitrage
✓ t_08478fcc  done      builder               [tool_price_oracle] Build: Tool Price Oracle
quota probe: no-response (LIMITED)
=== 2026-08-24T03:59:53Z ===
Board: unbundled (20 other boards — `hermes kanban boards list`)

✓ t_0d668f8d  done      builder               [email_verify_arbitrage] Build: Email Verify Price Arbitrage
✓ t_08478fcc  done      builder               [tool_price_oracle] Build: Tool Price Oracle
quota probe: "content" (OK)
=== 2026-08-24T04:02:03Z ===
Board: unbundled (20 other boards — `hermes kanban boards list`)

✓ t_0d668f8d  done      builder               [email_verify_arbitrage] Build: Email Verify Price Arbitrage
✓ t_08478fcc  done      builder               [tool_price_oracle] Build: Tool Price Oracle
quota probe: no-response (LIMITED)
=== 2026-08-24T04:04:15Z ===
Board: unbundled (20 other boards — `hermes kanban boards list`)

✓ t_0d668f8d  done      builder               [email_verify_arbitrage] Build: Email Verify Price Arbitrage
✓ t_08478fcc  done      builder               [tool_price_oracle] Build: Tool Price Oracle
quota probe: no-response (LIMITED)
=== 2026-08-24T04:06:28Z ===
Board: unbundled (20 other boards — `hermes kanban boards list`)

✓ t_0d668f8d  done      builder               [email_verify_arbitrage] Build: Email Verify Price Arbitrage
✓ t_08478fcc  done      builder               [tool_price_oracle] Build: Tool Price Oracle
quota probe: no-response (LIMITED)
=== 2026-08-24T04:08:40Z ===
Board: unbundled (20 other boards — `hermes kanban boards list`)

✓ t_0d668f8d  done      builder               [email_verify_arbitrage] Build: Email Verify Price Arbitrage
✓ t_08478fcc  done      builder               [tool_price_oracle] Build: Tool Price Oracle
quota probe: no-response (LIMITED)
=== 2026-08-24T04:10:53Z ===
Board: unbundled (20 other boards — `hermes kanban boards list`)

✓ t_0d668f8d  done      builder               [email_verify_arbitrage] Build: Email Verify Price Arbitrage
✓ t_08478fcc  done      builder               [tool_price_oracle] Build: Tool Price Oracle
quota probe: "content" (OK)
=== 2026-08-24T04:13:01Z ===
Board: unbundled (20 other boards — `hermes kanban boards list`)

✓ t_0d668f8d  done      builder               [email_verify_arbitrage] Build: Email Verify Price Arbitrage
✓ t_08478fcc  done      builder               [tool_price_oracle] Build: Tool Price Oracle
quota probe: "content" (OK)
=== 2026-08-24T04:15:10Z ===
Board: unbundled (20 other boards — `hermes kanban boards list`)

✓ t_0d668f8d  done      builder               [email_verify_arbitrage] Build: Email Verify Price Arbitrage
✓ t_08478fcc  done      builder               [tool_price_oracle] Build: Tool Price Oracle
quota probe: "content" (OK)
=== 2026-08-24T04:17:15Z ===
Board: unbundled (20 other boards — `hermes kanban boards list`)

✓ t_0d668f8d  done      builder               [email_verify_arbitrage] Build: Email Verify Price Arbitrage
✓ t_08478fcc  done      builder               [tool_price_oracle] Build: Tool Price Oracle
quota probe: no-response (LIMITED)
=== 2026-08-24T04:19:28Z ===
Board: unbundled (20 other boards — `hermes kanban boards list`)

✓ t_0d668f8d  done      builder               [email_verify_arbitrage] Build: Email Verify Price Arbitrage
✓ t_08478fcc  done      builder               [tool_price_oracle] Build: Tool Price Oracle
quota probe: no-response (LIMITED)
=== 2026-08-24T04:21:29Z ===
Board: unbundled (20 other boards — `hermes kanban boards list`)

✓ t_0d668f8d  done      builder               [email_verify_arbitrage] Build: Email Verify Price Arbitrage
✓ t_08478fcc  done      builder               [tool_price_oracle] Build: Tool Price Oracle
quota probe: no-response (LIMITED)
=== 2026-08-24T04:23:41Z ===
Board: unbundled (20 other boards — `hermes kanban boards list`)

✓ t_0d668f8d  done      builder               [email_verify_arbitrage] Build: Email Verify Price Arbitrage
✓ t_08478fcc  done      builder               [tool_price_oracle] Build: Tool Price Oracle
quota probe: no-response (LIMITED)
=== 2026-08-24T04:25:54Z ===
Board: unbundled (20 other boards — `hermes kanban boards list`)

✓ t_0d668f8d  done      builder               [email_verify_arbitrage] Build: Email Verify Price Arbitrage
✓ t_08478fcc  done      builder               [tool_price_oracle] Build: Tool Price Oracle
quota probe: "content" (OK)
=== 2026-08-24T04:27:56Z ===
Board: unbundled (20 other boards — `hermes kanban boards list`)

✓ t_0d668f8d  done      builder               [email_verify_arbitrage] Build: Email Verify Price Arbitrage
✓ t_08478fcc  done      builder               [tool_price_oracle] Build: Tool Price Oracle
quota probe: "content" (OK)
=== 2026-08-24T04:29:58Z ===
Board: unbundled (20 other boards — `hermes kanban boards list`)

✓ t_0d668f8d  done      builder               [email_verify_arbitrage] Build: Email Verify Price Arbitrage
✓ t_08478fcc  done      builder               [tool_price_oracle] Build: Tool Price Oracle
quota probe: "content" (OK)
=== 2026-08-24T04:32:00Z ===
Board: unbundled (20 other boards — `hermes kanban boards list`)

✓ t_0d668f8d  done      builder               [email_verify_arbitrage] Build: Email Verify Price Arbitrage
✓ t_08478fcc  done      builder               [tool_price_oracle] Build: Tool Price Oracle
quota probe: "content" (OK)
=== 2026-08-24T04:34:03Z ===
Board: unbundled (20 other boards — `hermes kanban boards list`)

✓ t_0d668f8d  done      builder               [email_verify_arbitrage] Build: Email Verify Price Arbitrage
✓ t_08478fcc  done      builder               [tool_price_oracle] Build: Tool Price Oracle
quota probe: "content" (OK)
=== 2026-08-24T04:36:10Z ===
Board: unbundled (20 other boards — `hermes kanban boards list`)

✓ t_0d668f8d  done      builder               [email_verify_arbitrage] Build: Email Verify Price Arbitrage
✓ t_08478fcc  done      builder               [tool_price_oracle] Build: Tool Price Oracle
quota probe: "content" (OK)
=== 2026-08-24T04:38:13Z ===
Board: unbundled (20 other boards — `hermes kanban boards list`)

✓ t_0d668f8d  done      builder               [email_verify_arbitrage] Build: Email Verify Price Arbitrage
✓ t_08478fcc  done      builder               [tool_price_oracle] Build: Tool Price Oracle
quota probe: "content" (OK)
=== 2026-08-24T04:40:15Z ===
Board: unbundled (20 other boards — `hermes kanban boards list`)

✓ t_0d668f8d  done      builder               [email_verify_arbitrage] Build: Email Verify Price Arbitrage
✓ t_08478fcc  done      builder               [tool_price_oracle] Build: Tool Price Oracle
quota probe: "content" (OK)
=== 2026-08-24T04:42:18Z ===
Board: unbundled (20 other boards — `hermes kanban boards list`)

✓ t_0d668f8d  done      builder               [email_verify_arbitrage] Build: Email Verify Price Arbitrage
✓ t_08478fcc  done      builder               [tool_price_oracle] Build: Tool Price Oracle
quota probe: "content" (OK)
=== 2026-08-24T04:44:20Z ===
Board: unbundled (20 other boards — `hermes kanban boards list`)

✓ t_0d668f8d  done      builder               [email_verify_arbitrage] Build: Email Verify Price Arbitrage
✓ t_08478fcc  done      builder               [tool_price_oracle] Build: Tool Price Oracle
quota probe: "content" (OK)
=== 2026-08-24T04:46:23Z ===
Board: unbundled (20 other boards — `hermes kanban boards list`)

✓ t_0d668f8d  done      builder               [email_verify_arbitrage] Build: Email Verify Price Arbitrage
✓ t_08478fcc  done      builder               [tool_price_oracle] Build: Tool Price Oracle
quota probe: "content" (OK)
=== 2026-08-24T04:48:34Z ===
Board: unbundled (20 other boards — `hermes kanban boards list`)

✓ t_0d668f8d  done      builder               [email_verify_arbitrage] Build: Email Verify Price Arbitrage
✓ t_08478fcc  done      builder               [tool_price_oracle] Build: Tool Price Oracle
quota probe: "content" (OK)
=== 2026-08-24T04:50:39Z ===
Board: unbundled (20 other boards — `hermes kanban boards list`)

✓ t_0d668f8d  done      builder               [email_verify_arbitrage] Build: Email Verify Price Arbitrage
✓ t_08478fcc  done      builder               [tool_price_oracle] Build: Tool Price Oracle
quota probe: "content" (OK)
=== 2026-08-24T04:52:43Z ===
Board: unbundled (20 other boards — `hermes kanban boards list`)

✓ t_0d668f8d  done      builder               [email_verify_arbitrage] Build: Email Verify Price Arbitrage
✓ t_08478fcc  done      builder               [tool_price_oracle] Build: Tool Price Oracle
quota probe: no-response (LIMITED)
=== 2026-08-24T04:54:56Z ===
Board: unbundled (20 other boards — `hermes kanban boards list`)

✓ t_0d668f8d  done      builder               [email_verify_arbitrage] Build: Email Verify Price Arbitrage
✓ t_08478fcc  done      builder               [tool_price_oracle] Build: Tool Price Oracle
quota probe: "content" (OK)
=== 2026-08-24T04:56:58Z ===
Board: unbundled (20 other boards — `hermes kanban boards list`)

✓ t_0d668f8d  done      builder               [email_verify_arbitrage] Build: Email Verify Price Arbitrage
✓ t_08478fcc  done      builder               [tool_price_oracle] Build: Tool Price Oracle
quota probe: "content" (OK)
=== 2026-08-24T04:59:00Z ===
Board: unbundled (20 other boards — `hermes kanban boards list`)

✓ t_0d668f8d  done      builder               [email_verify_arbitrage] Build: Email Verify Price Arbitrage
✓ t_08478fcc  done      builder               [tool_price_oracle] Build: Tool Price Oracle
quota probe: "content" (OK)
=== 2026-08-24T05:01:02Z ===
Board: unbundled (20 other boards — `hermes kanban boards list`)

✓ t_0d668f8d  done      builder               [email_verify_arbitrage] Build: Email Verify Price Arbitrage
✓ t_08478fcc  done      builder               [tool_price_oracle] Build: Tool Price Oracle
quota probe: no-response (LIMITED)
=== 2026-08-24T05:03:03Z ===
Board: unbundled (20 other boards — `hermes kanban boards list`)

✓ t_0d668f8d  done      builder               [email_verify_arbitrage] Build: Email Verify Price Arbitrage
✓ t_08478fcc  done      builder               [tool_price_oracle] Build: Tool Price Oracle
quota probe: no-response (LIMITED)
=== 2026-08-24T05:05:16Z ===
Board: unbundled (20 other boards — `hermes kanban boards list`)

✓ t_0d668f8d  done      builder               [email_verify_arbitrage] Build: Email Verify Price Arbitrage
✓ t_08478fcc  done      builder               [tool_price_oracle] Build: Tool Price Oracle
quota probe: "content" (OK)
=== 2026-08-24T05:07:18Z ===
Board: unbundled (20 other boards — `hermes kanban boards list`)

✓ t_0d668f8d  done      builder               [email_verify_arbitrage] Build: Email Verify Price Arbitrage
✓ t_08478fcc  done      builder               [tool_price_oracle] Build: Tool Price Oracle
quota probe: "content" (OK)
=== 2026-08-24T05:09:20Z ===
Board: unbundled (20 other boards — `hermes kanban boards list`)

✓ t_0d668f8d  done      builder               [email_verify_arbitrage] Build: Email Verify Price Arbitrage
✓ t_08478fcc  done      builder               [tool_price_oracle] Build: Tool Price Oracle
quota probe: "content" (OK)
=== 2026-08-24T05:11:22Z ===
Board: unbundled (20 other boards — `hermes kanban boards list`)

✓ t_0d668f8d  done      builder               [email_verify_arbitrage] Build: Email Verify Price Arbitrage
✓ t_08478fcc  done      builder               [tool_price_oracle] Build: Tool Price Oracle
quota probe: "content" (OK)
=== 2026-08-24T05:13:24Z ===
Board: unbundled (20 other boards — `hermes kanban boards list`)

✓ t_0d668f8d  done      builder               [email_verify_arbitrage] Build: Email Verify Price Arbitrage
✓ t_08478fcc  done      builder               [tool_price_oracle] Build: Tool Price Oracle
quota probe: "content" (OK)
=== 2026-08-24T05:15:28Z ===
Board: unbundled (20 other boards — `hermes kanban boards list`)

✓ t_0d668f8d  done      builder               [email_verify_arbitrage] Build: Email Verify Price Arbitrage
✓ t_08478fcc  done      builder               [tool_price_oracle] Build: Tool Price Oracle
quota probe: "content" (OK)
=== 2026-08-24T05:17:30Z ===
Board: unbundled (20 other boards — `hermes kanban boards list`)

✓ t_0d668f8d  done      builder               [email_verify_arbitrage] Build: Email Verify Price Arbitrage
✓ t_08478fcc  done      builder               [tool_price_oracle] Build: Tool Price Oracle
quota probe: "content" (OK)
=== 2026-08-24T05:19:32Z ===
Board: unbundled (20 other boards — `hermes kanban boards list`)

✓ t_0d668f8d  done      builder               [email_verify_arbitrage] Build: Email Verify Price Arbitrage
✓ t_08478fcc  done      builder               [tool_price_oracle] Build: Tool Price Oracle
quota probe: "content" (OK)
=== 2026-08-24T05:21:34Z ===
Board: unbundled (20 other boards — `hermes kanban boards list`)

✓ t_0d668f8d  done      builder               [email_verify_arbitrage] Build: Email Verify Price Arbitrage
✓ t_08478fcc  done      builder               [tool_price_oracle] Build: Tool Price Oracle
quota probe: "content" (OK)
=== 2026-08-24T05:23:37Z ===
Board: unbundled (20 other boards — `hermes kanban boards list`)

✓ t_0d668f8d  done      builder               [email_verify_arbitrage] Build: Email Verify Price Arbitrage
✓ t_08478fcc  done      builder               [tool_price_oracle] Build: Tool Price Oracle
quota probe: "content" (OK)
=== 2026-08-24T05:25:40Z ===
Board: unbundled (20 other boards — `hermes kanban boards list`)

✓ t_0d668f8d  done      builder               [email_verify_arbitrage] Build: Email Verify Price Arbitrage
✓ t_08478fcc  done      builder               [tool_price_oracle] Build: Tool Price Oracle
quota probe: "content" (OK)
=== 2026-08-24T05:27:43Z ===
Board: unbundled (20 other boards — `hermes kanban boards list`)

✓ t_0d668f8d  done      builder               [email_verify_arbitrage] Build: Email Verify Price Arbitrage
✓ t_08478fcc  done      builder               [tool_price_oracle] Build: Tool Price Oracle
quota probe: "content" (OK)
=== 2026-08-24T05:29:46Z ===
Board: unbundled (20 other boards — `hermes kanban boards list`)

✓ t_0d668f8d  done      builder               [email_verify_arbitrage] Build: Email Verify Price Arbitrage
✓ t_08478fcc  done      builder               [tool_price_oracle] Build: Tool Price Oracle
quota probe: "content" (OK)
=== 2026-08-24T05:31:49Z ===
Board: unbundled (20 other boards — `hermes kanban boards list`)

✓ t_0d668f8d  done      builder               [email_verify_arbitrage] Build: Email Verify Price Arbitrage
✓ t_08478fcc  done      builder               [tool_price_oracle] Build: Tool Price Oracle
quota probe: "content" (OK)
=== 2026-08-24T05:33:51Z ===
Board: unbundled (20 other boards — `hermes kanban boards list`)

✓ t_0d668f8d  done      builder               [email_verify_arbitrage] Build: Email Verify Price Arbitrage
✓ t_08478fcc  done      builder               [tool_price_oracle] Build: Tool Price Oracle
quota probe: "content" (OK)
=== 2026-08-24T05:35:53Z ===
Board: unbundled (20 other boards — `hermes kanban boards list`)

✓ t_0d668f8d  done      builder               [email_verify_arbitrage] Build: Email Verify Price Arbitrage
✓ t_08478fcc  done      builder               [tool_price_oracle] Build: Tool Price Oracle
quota probe: "content" (OK)
=== 2026-08-24T05:37:56Z ===
Board: unbundled (20 other boards — `hermes kanban boards list`)

✓ t_0d668f8d  done      builder               [email_verify_arbitrage] Build: Email Verify Price Arbitrage
✓ t_08478fcc  done      builder               [tool_price_oracle] Build: Tool Price Oracle
quota probe: "content" (OK)
=== 2026-08-24T05:39:58Z ===
Board: unbundled (20 other boards — `hermes kanban boards list`)

✓ t_0d668f8d  done      builder               [email_verify_arbitrage] Build: Email Verify Price Arbitrage
✓ t_08478fcc  done      builder               [tool_price_oracle] Build: Tool Price Oracle
quota probe: "content" (OK)
=== 2026-08-30T20:45:12Z ===
Board: unbundled (21 other boards — `hermes kanban boards list`)

✓ t_0d668f8d  done      builder               [email_verify_arbitrage] Build: Email Verify Price Arbitrage
✓ t_08478fcc  done      builder               [tool_price_oracle] Build: Tool Price Oracle
quota probe: no-response (LIMITED)
=== 2026-08-30T20:47:12Z ===
Board: unbundled (21 other boards — `hermes kanban boards list`)

✓ t_0d668f8d  done      builder               [email_verify_arbitrage] Build: Email Verify Price Arbitrage
✓ t_08478fcc  done      builder               [tool_price_oracle] Build: Tool Price Oracle
quota probe: no-response (LIMITED)
=== 2026-08-30T20:49:13Z ===
Board: unbundled (21 other boards — `hermes kanban boards list`)

✓ t_0d668f8d  done      builder               [email_verify_arbitrage] Build: Email Verify Price Arbitrage
✓ t_08478fcc  done      builder               [tool_price_oracle] Build: Tool Price Oracle
quota probe: no-response (LIMITED)
=== 2026-08-30T20:51:14Z ===
Board: unbundled (21 other boards — `hermes kanban boards list`)

✓ t_0d668f8d  done      builder               [email_verify_arbitrage] Build: Email Verify Price Arbitrage
✓ t_08478fcc  done      builder               [tool_price_oracle] Build: Tool Price Oracle
quota probe: no-response (LIMITED)
=== 2026-08-30T20:53:15Z ===
Board: unbundled (21 other boards — `hermes kanban boards list`)

✓ t_0d668f8d  done      builder               [email_verify_arbitrage] Build: Email Verify Price Arbitrage
✓ t_08478fcc  done      builder               [tool_price_oracle] Build: Tool Price Oracle
quota probe: no-response (LIMITED)
=== 2026-08-30T20:55:16Z ===
Board: unbundled (21 other boards — `hermes kanban boards list`)

✓ t_0d668f8d  done      builder               [email_verify_arbitrage] Build: Email Verify Price Arbitrage
✓ t_08478fcc  done      builder               [tool_price_oracle] Build: Tool Price Oracle
quota probe: no-response (LIMITED)
=== 2026-08-30T20:57:16Z ===
Board: unbundled (21 other boards — `hermes kanban boards list`)

✓ t_0d668f8d  done      builder               [email_verify_arbitrage] Build: Email Verify Price Arbitrage
✓ t_08478fcc  done      builder               [tool_price_oracle] Build: Tool Price Oracle
quota probe: no-response (LIMITED)
=== 2026-08-30T20:59:17Z ===
Board: unbundled (21 other boards — `hermes kanban boards list`)

✓ t_0d668f8d  done      builder               [email_verify_arbitrage] Build: Email Verify Price Arbitrage
✓ t_08478fcc  done      builder               [tool_price_oracle] Build: Tool Price Oracle
quota probe: no-response (LIMITED)
=== 2026-08-30T21:01:18Z ===
Board: unbundled (21 other boards — `hermes kanban boards list`)

✓ t_0d668f8d  done      builder               [email_verify_arbitrage] Build: Email Verify Price Arbitrage
✓ t_08478fcc  done      builder               [tool_price_oracle] Build: Tool Price Oracle
quota probe: no-response (LIMITED)
=== 2026-08-30T21:03:19Z ===
Board: unbundled (21 other boards — `hermes kanban boards list`)

✓ t_0d668f8d  done      builder               [email_verify_arbitrage] Build: Email Verify Price Arbitrage
✓ t_08478fcc  done      builder               [tool_price_oracle] Build: Tool Price Oracle
quota probe: no-response (LIMITED)
=== 2026-08-30T21:05:19Z ===
Board: unbundled (21 other boards — `hermes kanban boards list`)

✓ t_0d668f8d  done      builder               [email_verify_arbitrage] Build: Email Verify Price Arbitrage
✓ t_08478fcc  done      builder               [tool_price_oracle] Build: Tool Price Oracle
quota probe: no-response (LIMITED)
=== 2026-08-30T21:07:20Z ===
Board: unbundled (21 other boards — `hermes kanban boards list`)

✓ t_0d668f8d  done      builder               [email_verify_arbitrage] Build: Email Verify Price Arbitrage
✓ t_08478fcc  done      builder               [tool_price_oracle] Build: Tool Price Oracle
quota probe: no-response (LIMITED)
=== 2026-08-30T21:09:21Z ===
Board: unbundled (21 other boards — `hermes kanban boards list`)

✓ t_0d668f8d  done      builder               [email_verify_arbitrage] Build: Email Verify Price Arbitrage
✓ t_08478fcc  done      builder               [tool_price_oracle] Build: Tool Price Oracle
quota probe: no-response (LIMITED)
=== 2026-08-30T21:11:22Z ===
Board: unbundled (21 other boards — `hermes kanban boards list`)

✓ t_0d668f8d  done      builder               [email_verify_arbitrage] Build: Email Verify Price Arbitrage
✓ t_08478fcc  done      builder               [tool_price_oracle] Build: Tool Price Oracle
quota probe: no-response (LIMITED)
=== 2026-08-30T21:13:22Z ===
Board: unbundled (21 other boards — `hermes kanban boards list`)

✓ t_0d668f8d  done      builder               [email_verify_arbitrage] Build: Email Verify Price Arbitrage
✓ t_08478fcc  done      builder               [tool_price_oracle] Build: Tool Price Oracle
quota probe: no-response (LIMITED)
=== 2026-08-30T21:15:23Z ===
Board: unbundled (21 other boards — `hermes kanban boards list`)

✓ t_0d668f8d  done      builder               [email_verify_arbitrage] Build: Email Verify Price Arbitrage
✓ t_08478fcc  done      builder               [tool_price_oracle] Build: Tool Price Oracle
quota probe: no-response (LIMITED)
=== 2026-08-30T21:17:24Z ===
Board: unbundled (21 other boards — `hermes kanban boards list`)

✓ t_0d668f8d  done      builder               [email_verify_arbitrage] Build: Email Verify Price Arbitrage
✓ t_08478fcc  done      builder               [tool_price_oracle] Build: Tool Price Oracle
quota probe: no-response (LIMITED)
=== 2026-08-30T21:19:25Z ===
Board: unbundled (21 other boards — `hermes kanban boards list`)

✓ t_0d668f8d  done      builder               [email_verify_arbitrage] Build: Email Verify Price Arbitrage
✓ t_08478fcc  done      builder               [tool_price_oracle] Build: Tool Price Oracle
quota probe: no-response (LIMITED)
=== 2026-08-30T21:21:25Z ===
Board: unbundled (21 other boards — `hermes kanban boards list`)

✓ t_0d668f8d  done      builder               [email_verify_arbitrage] Build: Email Verify Price Arbitrage
✓ t_08478fcc  done      builder               [tool_price_oracle] Build: Tool Price Oracle
quota probe: no-response (LIMITED)
=== 2026-08-30T21:23:26Z ===
Board: unbundled (21 other boards — `hermes kanban boards list`)

✓ t_0d668f8d  done      builder               [email_verify_arbitrage] Build: Email Verify Price Arbitrage
✓ t_08478fcc  done      builder               [tool_price_oracle] Build: Tool Price Oracle
quota probe: no-response (LIMITED)
=== 2026-08-30T21:25:27Z ===
Board: unbundled (21 other boards — `hermes kanban boards list`)

✓ t_0d668f8d  done      builder               [email_verify_arbitrage] Build: Email Verify Price Arbitrage
✓ t_08478fcc  done      builder               [tool_price_oracle] Build: Tool Price Oracle
quota probe: no-response (LIMITED)
=== 2026-08-30T21:27:28Z ===
Board: unbundled (21 other boards — `hermes kanban boards list`)

✓ t_0d668f8d  done      builder               [email_verify_arbitrage] Build: Email Verify Price Arbitrage
✓ t_08478fcc  done      builder               [tool_price_oracle] Build: Tool Price Oracle
quota probe: no-response (LIMITED)
=== 2026-08-30T21:29:28Z ===
Board: unbundled (21 other boards — `hermes kanban boards list`)

✓ t_0d668f8d  done      builder               [email_verify_arbitrage] Build: Email Verify Price Arbitrage
✓ t_08478fcc  done      builder               [tool_price_oracle] Build: Tool Price Oracle
quota probe: no-response (LIMITED)
=== 2026-08-30T21:31:29Z ===
Board: unbundled (21 other boards — `hermes kanban boards list`)

✓ t_0d668f8d  done      builder               [email_verify_arbitrage] Build: Email Verify Price Arbitrage
✓ t_08478fcc  done      builder               [tool_price_oracle] Build: Tool Price Oracle
quota probe: no-response (LIMITED)
=== 2026-08-30T21:33:30Z ===
Board: unbundled (21 other boards — `hermes kanban boards list`)

✓ t_0d668f8d  done      builder               [email_verify_arbitrage] Build: Email Verify Price Arbitrage
✓ t_08478fcc  done      builder               [tool_price_oracle] Build: Tool Price Oracle
quota probe: no-response (LIMITED)
=== 2026-08-30T21:35:31Z ===
Board: unbundled (21 other boards — `hermes kanban boards list`)

✓ t_0d668f8d  done      builder               [email_verify_arbitrage] Build: Email Verify Price Arbitrage
✓ t_08478fcc  done      builder               [tool_price_oracle] Build: Tool Price Oracle
quota probe: no-response (LIMITED)
=== 2026-08-30T21:37:32Z ===
Board: unbundled (21 other boards — `hermes kanban boards list`)

✓ t_0d668f8d  done      builder               [email_verify_arbitrage] Build: Email Verify Price Arbitrage
✓ t_08478fcc  done      builder               [tool_price_oracle] Build: Tool Price Oracle
quota probe: no-response (LIMITED)
=== 2026-08-30T21:39:32Z ===
Board: unbundled (21 other boards — `hermes kanban boards list`)

✓ t_0d668f8d  done      builder               [email_verify_arbitrage] Build: Email Verify Price Arbitrage
✓ t_08478fcc  done      builder               [tool_price_oracle] Build: Tool Price Oracle
quota probe: no-response (LIMITED)
=== 2026-08-30T21:41:33Z ===
Board: unbundled (21 other boards — `hermes kanban boards list`)

✓ t_0d668f8d  done      builder               [email_verify_arbitrage] Build: Email Verify Price Arbitrage
✓ t_08478fcc  done      builder               [tool_price_oracle] Build: Tool Price Oracle
quota probe: no-response (LIMITED)
=== 2026-08-30T21:43:34Z ===
Board: unbundled (21 other boards — `hermes kanban boards list`)

✓ t_0d668f8d  done      builder               [email_verify_arbitrage] Build: Email Verify Price Arbitrage
✓ t_08478fcc  done      builder               [tool_price_oracle] Build: Tool Price Oracle
quota probe: no-response (LIMITED)
=== 2026-08-30T21:45:35Z ===
Board: unbundled (21 other boards — `hermes kanban boards list`)

✓ t_0d668f8d  done      builder               [email_verify_arbitrage] Build: Email Verify Price Arbitrage
✓ t_08478fcc  done      builder               [tool_price_oracle] Build: Tool Price Oracle
quota probe: no-response (LIMITED)
=== 2026-08-30T21:47:35Z ===
Board: unbundled (21 other boards — `hermes kanban boards list`)

✓ t_0d668f8d  done      builder               [email_verify_arbitrage] Build: Email Verify Price Arbitrage
✓ t_08478fcc  done      builder               [tool_price_oracle] Build: Tool Price Oracle
quota probe: no-response (LIMITED)
=== 2026-08-30T21:49:37Z ===
Board: unbundled (21 other boards — `hermes kanban boards list`)

✓ t_0d668f8d  done      builder               [email_verify_arbitrage] Build: Email Verify Price Arbitrage
✓ t_08478fcc  done      builder               [tool_price_oracle] Build: Tool Price Oracle
quota probe: no-response (LIMITED)
=== 2026-08-30T21:51:37Z ===
Board: unbundled (21 other boards — `hermes kanban boards list`)

✓ t_0d668f8d  done      builder               [email_verify_arbitrage] Build: Email Verify Price Arbitrage
✓ t_08478fcc  done      builder               [tool_price_oracle] Build: Tool Price Oracle
quota probe: no-response (LIMITED)
=== 2026-08-30T21:53:38Z ===
Board: unbundled (21 other boards — `hermes kanban boards list`)

✓ t_0d668f8d  done      builder               [email_verify_arbitrage] Build: Email Verify Price Arbitrage
✓ t_08478fcc  done      builder               [tool_price_oracle] Build: Tool Price Oracle
quota probe: no-response (LIMITED)
=== 2026-08-30T21:55:39Z ===
Board: unbundled (21 other boards — `hermes kanban boards list`)

✓ t_0d668f8d  done      builder               [email_verify_arbitrage] Build: Email Verify Price Arbitrage
✓ t_08478fcc  done      builder               [tool_price_oracle] Build: Tool Price Oracle
quota probe: no-response (LIMITED)
=== 2026-08-30T21:57:40Z ===
Board: unbundled (21 other boards — `hermes kanban boards list`)

✓ t_0d668f8d  done      builder               [email_verify_arbitrage] Build: Email Verify Price Arbitrage
✓ t_08478fcc  done      builder               [tool_price_oracle] Build: Tool Price Oracle
quota probe: no-response (LIMITED)
=== 2026-08-30T21:59:40Z ===
Board: unbundled (21 other boards — `hermes kanban boards list`)

✓ t_0d668f8d  done      builder               [email_verify_arbitrage] Build: Email Verify Price Arbitrage
✓ t_08478fcc  done      builder               [tool_price_oracle] Build: Tool Price Oracle
quota probe: no-response (LIMITED)
=== 2026-08-30T22:01:41Z ===
Board: unbundled (21 other boards — `hermes kanban boards list`)

✓ t_0d668f8d  done      builder               [email_verify_arbitrage] Build: Email Verify Price Arbitrage
✓ t_08478fcc  done      builder               [tool_price_oracle] Build: Tool Price Oracle
quota probe: no-response (LIMITED)
=== 2026-08-30T22:03:42Z ===
Board: unbundled (21 other boards — `hermes kanban boards list`)

✓ t_0d668f8d  done      builder               [email_verify_arbitrage] Build: Email Verify Price Arbitrage
✓ t_08478fcc  done      builder               [tool_price_oracle] Build: Tool Price Oracle
quota probe: no-response (LIMITED)
=== 2026-08-30T22:05:43Z ===
Board: unbundled (21 other boards — `hermes kanban boards list`)

✓ t_0d668f8d  done      builder               [email_verify_arbitrage] Build: Email Verify Price Arbitrage
✓ t_08478fcc  done      builder               [tool_price_oracle] Build: Tool Price Oracle
quota probe: no-response (LIMITED)
=== 2026-08-30T22:07:43Z ===
Board: unbundled (21 other boards — `hermes kanban boards list`)

✓ t_0d668f8d  done      builder               [email_verify_arbitrage] Build: Email Verify Price Arbitrage
✓ t_08478fcc  done      builder               [tool_price_oracle] Build: Tool Price Oracle
quota probe: no-response (LIMITED)
=== 2026-08-30T22:09:44Z ===
Board: unbundled (21 other boards — `hermes kanban boards list`)

✓ t_0d668f8d  done      builder               [email_verify_arbitrage] Build: Email Verify Price Arbitrage
✓ t_08478fcc  done      builder               [tool_price_oracle] Build: Tool Price Oracle
quota probe: no-response (LIMITED)
=== 2026-08-30T22:11:45Z ===
Board: unbundled (21 other boards — `hermes kanban boards list`)

✓ t_0d668f8d  done      builder               [email_verify_arbitrage] Build: Email Verify Price Arbitrage
✓ t_08478fcc  done      builder               [tool_price_oracle] Build: Tool Price Oracle
quota probe: no-response (LIMITED)
=== 2026-08-30T22:13:46Z ===
Board: unbundled (21 other boards — `hermes kanban boards list`)

✓ t_0d668f8d  done      builder               [email_verify_arbitrage] Build: Email Verify Price Arbitrage
✓ t_08478fcc  done      builder               [tool_price_oracle] Build: Tool Price Oracle
quota probe: no-response (LIMITED)
=== 2026-08-30T22:15:47Z ===
Board: unbundled (21 other boards — `hermes kanban boards list`)

✓ t_0d668f8d  done      builder               [email_verify_arbitrage] Build: Email Verify Price Arbitrage
✓ t_08478fcc  done      builder               [tool_price_oracle] Build: Tool Price Oracle
quota probe: no-response (LIMITED)
=== 2026-08-30T22:17:47Z ===
Board: unbundled (21 other boards — `hermes kanban boards list`)

✓ t_0d668f8d  done      builder               [email_verify_arbitrage] Build: Email Verify Price Arbitrage
✓ t_08478fcc  done      builder               [tool_price_oracle] Build: Tool Price Oracle
quota probe: no-response (LIMITED)
=== 2026-08-30T22:19:48Z ===
Board: unbundled (21 other boards — `hermes kanban boards list`)

✓ t_0d668f8d  done      builder               [email_verify_arbitrage] Build: Email Verify Price Arbitrage
✓ t_08478fcc  done      builder               [tool_price_oracle] Build: Tool Price Oracle
quota probe: no-response (LIMITED)
=== 2026-08-30T22:21:49Z ===
Board: unbundled (21 other boards — `hermes kanban boards list`)

✓ t_0d668f8d  done      builder               [email_verify_arbitrage] Build: Email Verify Price Arbitrage
✓ t_08478fcc  done      builder               [tool_price_oracle] Build: Tool Price Oracle
quota probe: no-response (LIMITED)
=== 2026-08-30T22:23:50Z ===
Board: unbundled (21 other boards — `hermes kanban boards list`)

✓ t_0d668f8d  done      builder               [email_verify_arbitrage] Build: Email Verify Price Arbitrage
✓ t_08478fcc  done      builder               [tool_price_oracle] Build: Tool Price Oracle
quota probe: no-response (LIMITED)
=== 2026-08-30T22:25:51Z ===
Board: unbundled (21 other boards — `hermes kanban boards list`)

✓ t_0d668f8d  done      builder               [email_verify_arbitrage] Build: Email Verify Price Arbitrage
✓ t_08478fcc  done      builder               [tool_price_oracle] Build: Tool Price Oracle
quota probe: no-response (LIMITED)
=== 2026-08-30T22:27:51Z ===
Board: unbundled (21 other boards — `hermes kanban boards list`)

✓ t_0d668f8d  done      builder               [email_verify_arbitrage] Build: Email Verify Price Arbitrage
✓ t_08478fcc  done      builder               [tool_price_oracle] Build: Tool Price Oracle
quota probe: no-response (LIMITED)
=== 2026-08-30T22:29:52Z ===
Board: unbundled (21 other boards — `hermes kanban boards list`)

✓ t_0d668f8d  done      builder               [email_verify_arbitrage] Build: Email Verify Price Arbitrage
✓ t_08478fcc  done      builder               [tool_price_oracle] Build: Tool Price Oracle
quota probe: no-response (LIMITED)
=== 2026-08-30T22:31:53Z ===
Board: unbundled (21 other boards — `hermes kanban boards list`)

✓ t_0d668f8d  done      builder               [email_verify_arbitrage] Build: Email Verify Price Arbitrage
✓ t_08478fcc  done      builder               [tool_price_oracle] Build: Tool Price Oracle
quota probe: no-response (LIMITED)
=== 2026-08-30T22:33:54Z ===
Board: unbundled (21 other boards — `hermes kanban boards list`)

✓ t_0d668f8d  done      builder               [email_verify_arbitrage] Build: Email Verify Price Arbitrage
✓ t_08478fcc  done      builder               [tool_price_oracle] Build: Tool Price Oracle
quota probe: no-response (LIMITED)
=== 2026-08-30T22:35:54Z ===
Board: unbundled (21 other boards — `hermes kanban boards list`)

✓ t_0d668f8d  done      builder               [email_verify_arbitrage] Build: Email Verify Price Arbitrage
✓ t_08478fcc  done      builder               [tool_price_oracle] Build: Tool Price Oracle
quota probe: no-response (LIMITED)
=== 2026-08-30T22:37:55Z ===
Board: unbundled (21 other boards — `hermes kanban boards list`)

✓ t_0d668f8d  done      builder               [email_verify_arbitrage] Build: Email Verify Price Arbitrage
✓ t_08478fcc  done      builder               [tool_price_oracle] Build: Tool Price Oracle
quota probe: no-response (LIMITED)
=== 2026-08-30T22:39:56Z ===
Board: unbundled (21 other boards — `hermes kanban boards list`)

✓ t_0d668f8d  done      builder               [email_verify_arbitrage] Build: Email Verify Price Arbitrage
✓ t_08478fcc  done      builder               [tool_price_oracle] Build: Tool Price Oracle
quota probe: no-response (LIMITED)
=== 2026-08-30T22:41:56Z ===
Board: unbundled (21 other boards — `hermes kanban boards list`)

✓ t_0d668f8d  done      builder               [email_verify_arbitrage] Build: Email Verify Price Arbitrage
✓ t_08478fcc  done      builder               [tool_price_oracle] Build: Tool Price Oracle
quota probe: no-response (LIMITED)
=== 2026-08-30T22:43:57Z ===
Board: unbundled (21 other boards — `hermes kanban boards list`)

✓ t_0d668f8d  done      builder               [email_verify_arbitrage] Build: Email Verify Price Arbitrage
✓ t_08478fcc  done      builder               [tool_price_oracle] Build: Tool Price Oracle
quota probe: no-response (LIMITED)
=== 2026-08-30T22:45:58Z ===
Board: unbundled (21 other boards — `hermes kanban boards list`)

✓ t_0d668f8d  done      builder               [email_verify_arbitrage] Build: Email Verify Price Arbitrage
✓ t_08478fcc  done      builder               [tool_price_oracle] Build: Tool Price Oracle
quota probe: no-response (LIMITED)
=== 2026-08-30T22:47:59Z ===
Board: unbundled (21 other boards — `hermes kanban boards list`)

✓ t_0d668f8d  done      builder               [email_verify_arbitrage] Build: Email Verify Price Arbitrage
✓ t_08478fcc  done      builder               [tool_price_oracle] Build: Tool Price Oracle
quota probe: no-response (LIMITED)
=== 2026-08-30T22:50:00Z ===
Board: unbundled (21 other boards — `hermes kanban boards list`)

✓ t_0d668f8d  done      builder               [email_verify_arbitrage] Build: Email Verify Price Arbitrage
✓ t_08478fcc  done      builder               [tool_price_oracle] Build: Tool Price Oracle
quota probe: no-response (LIMITED)
